phase,query_id,repeat,is_warmup,node_path,parent_path,node_type,relation,alias,plan_rows_per_loop,actual_rows_per_loop,actual_loops,actual_rows_total_approx,q_error,q_error_safe,executed,zero_actual,total_cost,actual_total_time_ms_per_loop,filter,join_filter,hash_cond,index_cond,plan_file
baseline,T04,0,True,0,,Seq Scan,part,part,1632,1620,1,1620,1.0074074074074073,1.0074074074074073,True,False,7364.0,36.316,((part.p_size >= 1) AND (part.p_size <= 10) AND ((part.p_brand)::text = 'Brand#23'::text)),,,,plans/baseline/T04_r0.json
baseline,S16,0,True,0,,Seq Scan,corr_dependent,corr_dependent,30,3000,1,3000,100.0,100.0,True,False,6122.0,57.949,((corr_dependent.city = 'C00'::text) AND (corr_dependent.zipcode = 'Z00'::text)),,,,plans/baseline/S16_r0.json
baseline,T01,0,True,0,,Seq Scan,orders,orders,737550,729413,1,729413,1.0111555456236727,1.0111555456236727,True,False,45462.0,289.707,((orders.o_orderstatus)::text = 'F'::text),,,,plans/baseline/T01_r0.json
baseline,T03,0,True,0,,Seq Scan,lineitem,lineitem,921739,909455,1,909455,1.0135069904503247,1.0135069904503247,True,False,200612.44,1013.103,((lineitem.l_shipdate >= '1994-01-01'::date) AND (lineitem.l_shipdate < '1995-01-01'::date)),,,,plans/baseline/T03_r0.json
baseline,T07,0,True,0,,Hash Join,,,60633,61850,1,61850,1.0200715781834975,1.0200715781834975,True,False,254792.94,2140.519,,,(l.l_orderkey = o.o_orderkey),,plans/baseline/T07_r0.json
baseline,T07,0,True,0.0,0,Seq Scan,lineitem,l,1626480,1637557,1,1637557,1.0068104126703064,1.0068104126703064,True,False,200612.44,1360.264,((l.l_discount >= 0.05) AND (l.l_discount <= 0.07)),,,,plans/baseline/T07_r0.json
baseline,T07,0,True,0.1,0,Hash,,,55918,56506,1,56506,1.0105153975464072,1.0105153975464072,True,False,49212.0,272.002,,,,,plans/baseline/T07_r0.json
baseline,T07,0,True,0.1.0,0.1,Seq Scan,orders,o,55918,56506,1,56506,1.0105153975464072,1.0105153975464072,True,False,49212.0,238.887,((o.o_orderdate >= '1995-01-01'::date) AND (o.o_orderdate < '1995-04-01'::date)),,,,plans/baseline/T07_r0.json
baseline,T10,0,True,0,,Hash Join,,,106,118,1,118,1.1132075471698113,1.1132075471698113,True,False,9998.49,56.626,,,(ps.ps_suppkey = s.s_suppkey),,plans/baseline/T10_r0.json
baseline,T10,0,True,0.0,0,Nested Loop,,,2652,2988,1,2988,1.1266968325791855,1.1266968325791855,True,False,9631.46,51.408,,,,,plans/baseline/T10_r0.json
baseline,T10,0,True,0.0.0,0.0,Seq Scan,part,p,663,747,1,747,1.1266968325791855,1.1266968325791855,True,False,6864.0,43.826,(((p.p_type)::text ~~ '%BRASS'::text) AND (p.p_size = 15)),,,,plans/baseline/T10_r0.json
baseline,T10,0,True,0.0.1,0.0,Index Only Scan,partsupp,ps,4,4,747,2988,1.0,1.0,True,False,4.13,0.009,,,,(ps.ps_partkey = p.p_partkey),plans/baseline/T10_r0.json
baseline,T10,0,True,0.1,0,Hash,,,400,396,1,396,1.0101010101010102,1.0101010101010102,True,False,351.02,4.488,,,,,plans/baseline/T10_r0.json
baseline,T10,0,True,0.1.0,0.1,Hash Join,,,400,396,1,396,1.0101010101010102,1.0101010101010102,True,False,351.02,4.349,,,(s.s_nationkey = n.n_nationkey),,plans/baseline/T10_r0.json
baseline,T10,0,True,0.1.0.0,0.1.0,Seq Scan,supplier,s,10000,10000,1,10000,1.0,1.0,True,False,319.0,1.22,,,,,plans/baseline/T10_r0.json
baseline,T10,0,True,0.1.0.1,0.1.0,Hash,,,1,1,1,1,1.0,1.0,True,False,1.31,0.023,,,,,plans/baseline/T10_r0.json
baseline,T10,0,True,0.1.0.1.0,0.1.0.1,Seq Scan,nation,n,1,1,1,1,1.0,1.0,True,False,1.31,0.014,((n.n_name)::text = 'GERMANY'::text),,,,plans/baseline/T10_r0.json
baseline,T09,0,True,0,,Hash Join,,,315018,30519,1,30519,10.32202890002949,10.32202890002949,True,False,256034.79,2420.437,,,(l.l_orderkey = o.o_orderkey),,plans/baseline/T09_r0.json
baseline,T09,0,True,0.0,0,Seq Scan,lineitem,l,3236751,3241776,1,3241776,1.001552482721099,1.001552482721099,True,False,185611.7,1099.722,(l.l_shipdate > '1995-03-15'::date),,,,plans/baseline/T09_r0.json
baseline,T09,0,True,0.1,0,Hash,,,145988,147126,1,147126,1.0077951612461298,1.0077951612461298,True,False,53310.25,672.183,,,,,plans/baseline/T09_r0.json
baseline,T09,0,True,0.1.0,0.1,Hash Join,,,145988,147126,1,147126,1.0077951612461298,1.0077951612461298,True,False,53310.25,594.201,,,(o.o_custkey = c.c_custkey),,plans/baseline/T09_r0.json
baseline,T09,0,True,0.1.0.0,0.1.0,Seq Scan,orders,o,734716,727305,1,727305,1.010189672833268,1.010189672833268,True,False,45462.0,263.332,(o.o_orderdate < '1995-03-15'::date),,,,plans/baseline/T09_r0.json
baseline,T09,0,True,0.1.0.1,0.1.0,Hash,,,29805,30142,1,30142,1.011306827713471,1.011306827713471,True,False,5547.0,60.187,,,,,plans/baseline/T09_r0.json
baseline,T09,0,True,0.1.0.1.0,0.1.0.1,Seq Scan,customer,c,29805,30142,1,30142,1.011306827713471,1.011306827713471,True,False,5547.0,50.928,((c.c_mktsegment)::text = 'BUILDING'::text),,,,plans/baseline/T09_r0.json
baseline,S15,0,True,0,,Seq Scan,corr_independent,corr_independent,30,30,1,30,1.0,1.0,True,False,6122.0,50.356,((corr_independent.city = 'C00'::text) AND (corr_independent.zipcode = 'Z00'::text)),,,,plans/baseline/S15_r0.json
baseline,S19,0,True,0,,Seq Scan,corr_skewed,corr_skewed,8,1515,1,1515,189.375,189.375,True,False,6122.0,49.243,((corr_skewed.city = 'C42'::text) AND (corr_skewed.zipcode = 'Z42'::text)),,,,plans/baseline/S19_r0.json
baseline,S14,0,True,0,,Seq Scan,corr_dependent,corr_dependent,3000,3000,1,3000,1.0,1.0,True,False,5372.0,53.428,(corr_dependent.city = 'C00'::text),,,,plans/baseline/S14_r0.json
baseline,T08,0,True,0,,Hash Join,,,400,396,1,396,1.0101010101010102,1.0101010101010102,True,False,351.02,2.424,,,(s.s_nationkey = n.n_nationkey),,plans/baseline/T08_r0.json
baseline,T08,0,True,0.0,0,Seq Scan,supplier,s,10000,10000,1,10000,1.0,1.0,True,False,319.0,1.032,,,,,plans/baseline/T08_r0.json
baseline,T08,0,True,0.1,0,Hash,,,1,1,1,1,1.0,1.0,True,False,1.31,0.026,,,,,plans/baseline/T08_r0.json
baseline,T08,0,True,0.1.0,0.1,Seq Scan,nation,n,1,1,1,1,1.0,1.0,True,False,1.31,0.014,((n.n_name)::text = 'GERMANY'::text),,,,plans/baseline/T08_r0.json
baseline,T11,0,True,0,,Nested Loop,,,186601,184082,1,184082,1.0136841190339088,1.0136841190339088,True,False,113061.39,1811.324,,,,,plans/baseline/T11_r0.json
baseline,T11,0,True,0.0,0,Nested Loop,,,46648,46008,1,46008,1.0139106242392628,1.0139106242392628,True,False,53840.21,1111.854,,,,,plans/baseline/T11_r0.json
baseline,T11,0,True,0.0.0,0.0,Hash Join,,,30000,30183,1,30183,1.0061,1.0061,True,False,6037.01,89.486,,,(c.c_nationkey = n.n_nationkey),,plans/baseline/T11_r0.json
baseline,T11,0,True,0.0.0.0,0.0.0,Seq Scan,customer,c,150000,150000,1,150000,1.0,1.0,True,False,5172.0,40.569,,,,,plans/baseline/T11_r0.json
baseline,T11,0,True,0.0.0.1,0.0.0,Hash,,,5,5,1,5,1.0,1.0,True,False,2.45,0.101,,,,,plans/baseline/T11_r0.json
baseline,T11,0,True,0.0.0.1.0,0.0.0.1,Hash Join,,,5,5,1,5,1.0,1.0,True,False,2.45,0.092,,,(n.n_regionkey = r.r_regionkey),,plans/baseline/T11_r0.json
baseline,T11,0,True,0.0.0.1.0.0,0.0.0.1.0,Seq Scan,nation,n,25,25,1,25,1.0,1.0,True,False,1.25,0.01,,,,,plans/baseline/T11_r0.json
baseline,T11,0,True,0.0.0.1.0.1,0.0.0.1.0,Hash,,,1,1,1,1,1.0,1.0,True,False,1.06,0.033,,,,,plans/baseline/T11_r0.json
baseline,T11,0,True,0.0.0.1.0.1.0,0.0.0.1.0.1,Seq Scan,region,r,1,1,1,1,1.0,1.0,True,False,1.06,0.017,((r.r_name)::text = 'ASIA'::text),,,,plans/baseline/T11_r0.json
baseline,T11,0,True,0.0.1,0.0,Index Scan,orders,o,3,2,30183,60366,1.5,1.5,True,False,1.56,0.033,((o.o_orderdate >= '1994-01-01'::date) AND (o.o_orderdate < '1995-01-01'::date)),,,(o.o_custkey = c.c_custkey),plans/baseline/T11_r0.json
baseline,T11,0,True,0.1,0,Index Only Scan,lineitem,l,16,4,46008,184032,4.0,4.0,True,False,1.11,0.014,,,,(l.l_orderkey = o.o_orderkey),plans/baseline/T11_r0.json
baseline,T02,0,True,0,,Seq Scan,orders,orders,18842,19472,1,19472,1.0334359409829106,1.0334359409829106,True,False,49212.0,331.571,((orders.o_orderdate >= '1995-01-01'::date) AND (orders.o_orderdate < '1995-02-01'::date)),,,,plans/baseline/T02_r0.json
baseline,S20,0,True,0,,Hash Join,,,30,3000,1,3000,100.0,100.0,True,False,5551.12,38.368,,,(o.customer_id = c.id),,plans/baseline/S20_r0.json
baseline,S20,0,True,0.0,0,Seq Scan,cross_orders,o,3000,3000,1,3000,1.0,1.0,True,False,5372.0,36.178,(o.zipcode = 'Z00'::text),,,,plans/baseline/S20_r0.json
baseline,S20,0,True,0.1,0,Hash,,,100,100,1,100,1.0,1.0,True,False,170.0,1.245,,,,,plans/baseline/S20_r0.json
baseline,S20,0,True,0.1.0,0.1,Seq Scan,cross_customers,c,100,100,1,100,1.0,1.0,True,False,170.0,1.2,(c.city = 'C00'::text),,,,plans/baseline/S20_r0.json
baseline,S17,0,True,0,,Seq Scan,corr_dependent,corr_dependent,30,0,1,0,,30.0,True,True,6122.0,63.597,((corr_dependent.city = 'C00'::text) AND (corr_dependent.zipcode = 'Z01'::text)),,,,plans/baseline/S17_r0.json
baseline,S13,0,True,0,,Seq Scan,corr_independent,corr_independent,3000,3000,1,3000,1.0,1.0,True,False,5372.0,62.745,(corr_independent.city = 'C00'::text),,,,plans/baseline/S13_r0.json
baseline,T12,0,True,0,,Hash Join,,,7464,7243,1,7243,1.0305122186939113,1.0305122186939113,True,False,202957.26,2109.806,,,((c.c_nationkey = s.s_nationkey) AND (l.l_suppkey = s.s_suppkey)),,plans/baseline/T12_r0.json
baseline,T12,0,True,0.0,0,Nested Loop,,,186601,184082,1,184082,1.0136841190339088,1.0136841190339088,True,False,201508.59,2013.588,,,,,plans/baseline/T12_r0.json
baseline,T12,0,True,0.0.0,0.0,Nested Loop,,,46648,46008,1,46008,1.0139106242392628,1.0139106242392628,True,False,53840.21,1115.398,,,,,plans/baseline/T12_r0.json
baseline,T12,0,True,0.0.0.0,0.0.0,Hash Join,,,30000,30183,1,30183,1.0061,1.0061,True,False,6037.01,88.014,,,(c.c_nationkey = n.n_nationkey),,plans/baseline/T12_r0.json
baseline,T12,0,True,0.0.0.0.0,0.0.0.0,Seq Scan,customer,c,150000,150000,1,150000,1.0,1.0,True,False,5172.0,41.309,,,,,plans/baseline/T12_r0.json
baseline,T12,0,True,0.0.0.0.1,0.0.0.0,Hash,,,5,5,1,5,1.0,1.0,True,False,2.45,0.119,,,,,plans/baseline/T12_r0.json
baseline,T12,0,True,0.0.0.0.1.0,0.0.0.0.1,Hash Join,,,5,5,1,5,1.0,1.0,True,False,2.45,0.112,,,(n.n_regionkey = r.r_regionkey),,plans/baseline/T12_r0.json
baseline,T12,0,True,0.0.0.0.1.0.0,0.0.0.0.1.0,Seq Scan,nation,n,25,25,1,25,1.0,1.0,True,False,1.25,0.032,,,,,plans/baseline/T12_r0.json
baseline,T12,0,True,0.0.0.0.1.0.1,0.0.0.0.1.0,Hash,,,1,1,1,1,1.0,1.0,True,False,1.06,0.044,,,,,plans/baseline/T12_r0.json
baseline,T12,0,True,0.0.0.0.1.0.1.0,0.0.0.0.1.0.1,Seq Scan,region,r,1,1,1,1,1.0,1.0,True,False,1.06,0.03,((r.r_name)::text = 'ASIA'::text),,,,plans/baseline/T12_r0.json
baseline,T12,0,True,0.0.0.1,0.0.0,Index Scan,orders,o,3,2,30183,60366,1.5,1.5,True,False,1.56,0.033,((o.o_orderdate >= '1994-01-01'::date) AND (o.o_orderdate < '1995-01-01'::date)),,,(o.o_custkey = c.c_custkey),plans/baseline/T12_r0.json
baseline,T12,0,True,0.0.1,0.0,Index Scan,lineitem,l,16,4,46008,184032,4.0,4.0,True,False,3.01,0.018,,,,(l.l_orderkey = o.o_orderkey),plans/baseline/T12_r0.json
baseline,T12,0,True,0.1,0,Hash,,,10000,10000,1,10000,1.0,1.0,True,False,319.0,6.204,,,,,plans/baseline/T12_r0.json
baseline,T12,0,True,0.1.0,0.1,Seq Scan,supplier,s,10000,10000,1,10000,1.0,1.0,True,False,319.0,3.479,,,,,plans/baseline/T12_r0.json
baseline,S18,0,True,0,,Seq Scan,corr_skewed,corr_skewed,75000,150000,1,150000,2.0,2.0,True,False,6122.0,60.013,((corr_skewed.city = 'C00'::text) AND (corr_skewed.zipcode = 'Z00'::text)),,,,plans/baseline/S18_r0.json
baseline,T05,0,True,0,,Seq Scan,customer,customer,29805,30142,1,30142,1.011306827713471,1.011306827713471,True,False,5547.0,50.195,((customer.c_mktsegment)::text = 'BUILDING'::text),,,,plans/baseline/T05_r0.json
baseline,T06,0,True,0,,Hash Join,,,298050,303959,1,303959,1.0198255326287535,1.0198255326287535,True,False,51569.17,924.192,,,(o.o_custkey = c.c_custkey),,plans/baseline/T06_r0.json
baseline,T06,0,True,0.0,0,Seq Scan,orders,o,1500000,1500000,1,1500000,1.0,1.0,True,False,41712.0,241.275,,,,,plans/baseline/T06_r0.json
baseline,T06,0,True,0.1,0,Hash,,,29805,30142,1,30142,1.011306827713471,1.011306827713471,True,False,5547.0,67.631,,,,,plans/baseline/T06_r0.json
baseline,T06,0,True,0.1.0,0.1,Seq Scan,customer,c,29805,30142,1,30142,1.011306827713471,1.011306827713471,True,False,5547.0,57.899,((c.c_mktsegment)::text = 'BUILDING'::text),,,,plans/baseline/T06_r0.json
baseline,S13,1,False,0,,Seq Scan,corr_independent,corr_independent,3000,3000,1,3000,1.0,1.0,True,False,5372.0,65.913,(corr_independent.city = 'C00'::text),,,,plans/baseline/S13_r1.json
baseline,T03,1,False,0,,Seq Scan,lineitem,lineitem,921739,909455,1,909455,1.0135069904503247,1.0135069904503247,True,False,200612.44,1069.311,((lineitem.l_shipdate >= '1994-01-01'::date) AND (lineitem.l_shipdate < '1995-01-01'::date)),,,,plans/baseline/T03_r1.json
baseline,S18,1,False,0,,Seq Scan,corr_skewed,corr_skewed,75000,150000,1,150000,2.0,2.0,True,False,6122.0,72.075,((corr_skewed.city = 'C00'::text) AND (corr_skewed.zipcode = 'Z00'::text)),,,,plans/baseline/S18_r1.json
baseline,T12,1,False,0,,Hash Join,,,7464,7243,1,7243,1.0305122186939113,1.0305122186939113,True,False,202957.26,2158.903,,,((c.c_nationkey = s.s_nationkey) AND (l.l_suppkey = s.s_suppkey)),,plans/baseline/T12_r1.json
baseline,T12,1,False,0.0,0,Nested Loop,,,186601,184082,1,184082,1.0136841190339088,1.0136841190339088,True,False,201508.59,2058.745,,,,,plans/baseline/T12_r1.json
baseline,T12,1,False,0.0.0,0.0,Nested Loop,,,46648,46008,1,46008,1.0139106242392628,1.0139106242392628,True,False,53840.21,1165.558,,,,,plans/baseline/T12_r1.json
baseline,T12,1,False,0.0.0.0,0.0.0,Hash Join,,,30000,30183,1,30183,1.0061,1.0061,True,False,6037.01,85.625,,,(c.c_nationkey = n.n_nationkey),,plans/baseline/T12_r1.json
baseline,T12,1,False,0.0.0.0.0,0.0.0.0,Seq Scan,customer,c,150000,150000,1,150000,1.0,1.0,True,False,5172.0,34.493,,,,,plans/baseline/T12_r1.json
baseline,T12,1,False,0.0.0.0.1,0.0.0.0,Hash,,,5,5,1,5,1.0,1.0,True,False,2.45,0.19,,,,,plans/baseline/T12_r1.json
baseline,T12,1,False,0.0.0.0.1.0,0.0.0.0.1,Hash Join,,,5,5,1,5,1.0,1.0,True,False,2.45,0.182,,,(n.n_regionkey = r.r_regionkey),,plans/baseline/T12_r1.json
baseline,T12,1,False,0.0.0.0.1.0.0,0.0.0.0.1.0,Seq Scan,nation,n,25,25,1,25,1.0,1.0,True,False,1.25,0.072,,,,,plans/baseline/T12_r1.json
baseline,T12,1,False,0.0.0.0.1.0.1,0.0.0.0.1.0,Hash,,,1,1,1,1,1.0,1.0,True,False,1.06,0.055,,,,,plans/baseline/T12_r1.json
baseline,T12,1,False,0.0.0.0.1.0.1.0,0.0.0.0.1.0.1,Seq Scan,region,r,1,1,1,1,1.0,1.0,True,False,1.06,0.036,((r.r_name)::text = 'ASIA'::text),,,,plans/baseline/T12_r1.json
baseline,T12,1,False,0.0.0.1,0.0.0,Index Scan,orders,o,3,2,30183,60366,1.5,1.5,True,False,1.56,0.035,((o.o_orderdate >= '1994-01-01'::date) AND (o.o_orderdate < '1995-01-01'::date)),,,(o.o_custkey = c.c_custkey),plans/baseline/T12_r1.json
baseline,T12,1,False,0.0.1,0.0,Index Scan,lineitem,l,16,4,46008,184032,4.0,4.0,True,False,3.01,0.018,,,,(l.l_orderkey = o.o_orderkey),plans/baseline/T12_r1.json
baseline,T12,1,False,0.1,0,Hash,,,10000,10000,1,10000,1.0,1.0,True,False,319.0,6.121,,,,,plans/baseline/T12_r1.json
baseline,T12,1,False,0.1.0,0.1,Seq Scan,supplier,s,10000,10000,1,10000,1.0,1.0,True,False,319.0,3.74,,,,,plans/baseline/T12_r1.json
baseline,T04,1,False,0,,Seq Scan,part,part,1632,1620,1,1620,1.0074074074074073,1.0074074074074073,True,False,7364.0,55.058,((part.p_size >= 1) AND (part.p_size <= 10) AND ((part.p_brand)::text = 'Brand#23'::text)),,,,plans/baseline/T04_r1.json
baseline,T06,1,False,0,,Hash Join,,,298050,303959,1,303959,1.0198255326287535,1.0198255326287535,True,False,51569.17,950.319,,,(o.o_custkey = c.c_custkey),,plans/baseline/T06_r1.json
baseline,T06,1,False,0.0,0,Seq Scan,orders,o,1500000,1500000,1,1500000,1.0,1.0,True,False,41712.0,258.593,,,,,plans/baseline/T06_r1.json
baseline,T06,1,False,0.1,0,Hash,,,29805,30142,1,30142,1.011306827713471,1.011306827713471,True,False,5547.0,54.219,,,,,plans/baseline/T06_r1.json
baseline,T06,1,False,0.1.0,0.1,Seq Scan,customer,c,29805,30142,1,30142,1.011306827713471,1.011306827713471,True,False,5547.0,45.826,((c.c_mktsegment)::text = 'BUILDING'::text),,,,plans/baseline/T06_r1.json
baseline,T08,1,False,0,,Hash Join,,,400,396,1,396,1.0101010101010102,1.0101010101010102,True,False,351.02,5.351,,,(s.s_nationkey = n.n_nationkey),,plans/baseline/T08_r1.json
baseline,T08,1,False,0.0,0,Seq Scan,supplier,s,10000,10000,1,10000,1.0,1.0,True,False,319.0,4.074,,,,,plans/baseline/T08_r1.json
baseline,T08,1,False,0.1,0,Hash,,,1,1,1,1,1.0,1.0,True,False,1.31,0.033,,,,,plans/baseline/T08_r1.json
baseline,T08,1,False,0.1.0,0.1,Seq Scan,nation,n,1,1,1,1,1.0,1.0,True,False,1.31,0.025,((n.n_name)::text = 'GERMANY'::text),,,,plans/baseline/T08_r1.json
baseline,S19,1,False,0,,Seq Scan,corr_skewed,corr_skewed,8,1515,1,1515,189.375,189.375,True,False,6122.0,64.655,((corr_skewed.city = 'C42'::text) AND (corr_skewed.zipcode = 'Z42'::text)),,,,plans/baseline/S19_r1.json
baseline,S15,1,False,0,,Seq Scan,corr_independent,corr_independent,30,30,1,30,1.0,1.0,True,False,6122.0,56.408,((corr_independent.city = 'C00'::text) AND (corr_independent.zipcode = 'Z00'::text)),,,,plans/baseline/S15_r1.json
baseline,S14,1,False,0,,Seq Scan,corr_dependent,corr_dependent,3000,3000,1,3000,1.0,1.0,True,False,5372.0,62.765,(corr_dependent.city = 'C00'::text),,,,plans/baseline/S14_r1.json
baseline,T07,1,False,0,,Hash Join,,,60633,61850,1,61850,1.0200715781834975,1.0200715781834975,True,False,254792.94,2209.551,,,(l.l_orderkey = o.o_orderkey),,plans/baseline/T07_r1.json
baseline,T07,1,False,0.0,0,Seq Scan,lineitem,l,1626480,1637557,1,1637557,1.0068104126703064,1.0068104126703064,True,False,200612.44,1330.34,((l.l_discount >= 0.05) AND (l.l_discount <= 0.07)),,,,plans/baseline/T07_r1.json
baseline,T07,1,False,0.1,0,Hash,,,55918,56506,1,56506,1.0105153975464072,1.0105153975464072,True,False,49212.0,339.331,,,,,plans/baseline/T07_r1.json
baseline,T07,1,False,0.1.0,0.1,Seq Scan,orders,o,55918,56506,1,56506,1.0105153975464072,1.0105153975464072,True,False,49212.0,314.0,((o.o_orderdate >= '1995-01-01'::date) AND (o.o_orderdate < '1995-04-01'::date)),,,,plans/baseline/T07_r1.json
baseline,T10,1,False,0,,Hash Join,,,106,118,1,118,1.1132075471698113,1.1132075471698113,True,False,9998.49,76.519,,,(ps.ps_suppkey = s.s_suppkey),,plans/baseline/T10_r1.json
baseline,T10,1,False,0.0,0,Nested Loop,,,2652,2988,1,2988,1.1266968325791855,1.1266968325791855,True,False,9631.46,70.53,,,,,plans/baseline/T10_r1.json
baseline,T10,1,False,0.0.0,0.0,Seq Scan,part,p,663,747,1,747,1.1266968325791855,1.1266968325791855,True,False,6864.0,56.586,(((p.p_type)::text ~~ '%BRASS'::text) AND (p.p_size = 15)),,,,plans/baseline/T10_r1.json
baseline,T10,1,False,0.0.1,0.0,Index Only Scan,partsupp,ps,4,4,747,2988,1.0,1.0,True,False,4.13,0.017,,,,(ps.ps_partkey = p.p_partkey),plans/baseline/T10_r1.json
baseline,T10,1,False,0.1,0,Hash,,,400,396,1,396,1.0101010101010102,1.0101010101010102,True,False,351.02,5.158,,,,,plans/baseline/T10_r1.json
baseline,T10,1,False,0.1.0,0.1,Hash Join,,,400,396,1,396,1.0101010101010102,1.0101010101010102,True,False,351.02,5.043,,,(s.s_nationkey = n.n_nationkey),,plans/baseline/T10_r1.json
baseline,T10,1,False,0.1.0.0,0.1.0,Seq Scan,supplier,s,10000,10000,1,10000,1.0,1.0,True,False,319.0,2.236,,,,,plans/baseline/T10_r1.json
baseline,T10,1,False,0.1.0.1,0.1.0,Hash,,,1,1,1,1,1.0,1.0,True,False,1.31,0.025,,,,,plans/baseline/T10_r1.json
baseline,T10,1,False,0.1.0.1.0,0.1.0.1,Seq Scan,nation,n,1,1,1,1,1.0,1.0,True,False,1.31,0.018,((n.n_name)::text = 'GERMANY'::text),,,,plans/baseline/T10_r1.json
baseline,T02,1,False,0,,Seq Scan,orders,orders,18842,19472,1,19472,1.0334359409829106,1.0334359409829106,True,False,49212.0,336.102,((orders.o_orderdate >= '1995-01-01'::date) AND (orders.o_orderdate < '1995-02-01'::date)),,,,plans/baseline/T02_r1.json
baseline,T09,1,False,0,,Hash Join,,,315018,30519,1,30519,10.32202890002949,10.32202890002949,True,False,256034.79,2831.587,,,(l.l_orderkey = o.o_orderkey),,plans/baseline/T09_r1.json
baseline,T09,1,False,0.0,0,Seq Scan,lineitem,l,3236751,3241776,1,3241776,1.001552482721099,1.001552482721099,True,False,185611.7,1284.207,(l.l_shipdate > '1995-03-15'::date),,,,plans/baseline/T09_r1.json
baseline,T09,1,False,0.1,0,Hash,,,145988,147126,1,147126,1.0077951612461298,1.0077951612461298,True,False,53310.25,887.941,,,,,plans/baseline/T09_r1.json
baseline,T09,1,False,0.1.0,0.1,Hash Join,,,145988,147126,1,147126,1.0077951612461298,1.0077951612461298,True,False,53310.25,801.334,,,(o.o_custkey = c.c_custkey),,plans/baseline/T09_r1.json
baseline,T09,1,False,0.1.0.0,0.1.0,Seq Scan,orders,o,734716,727305,1,727305,1.010189672833268,1.010189672833268,True,False,45462.0,445.854,(o.o_orderdate < '1995-03-15'::date),,,,plans/baseline/T09_r1.json
baseline,T09,1,False,0.1.0.1,0.1.0,Hash,,,29805,30142,1,30142,1.011306827713471,1.011306827713471,True,False,5547.0,61.707,,,,,plans/baseline/T09_r1.json
baseline,T09,1,False,0.1.0.1.0,0.1.0.1,Seq Scan,customer,c,29805,30142,1,30142,1.011306827713471,1.011306827713471,True,False,5547.0,51.273,((c.c_mktsegment)::text = 'BUILDING'::text),,,,plans/baseline/T09_r1.json
baseline,S17,1,False,0,,Seq Scan,corr_dependent,corr_dependent,30,0,1,0,,30.0,True,True,6122.0,64.737,((corr_dependent.city = 'C00'::text) AND (corr_dependent.zipcode = 'Z01'::text)),,,,plans/baseline/S17_r1.json
baseline,S16,1,False,0,,Seq Scan,corr_dependent,corr_dependent,30,3000,1,3000,100.0,100.0,True,False,6122.0,58.507,((corr_dependent.city = 'C00'::text) AND (corr_dependent.zipcode = 'Z00'::text)),,,,plans/baseline/S16_r1.json
baseline,T05,1,False,0,,Seq Scan,customer,customer,29805,30142,1,30142,1.011306827713471,1.011306827713471,True,False,5547.0,54.137,((customer.c_mktsegment)::text = 'BUILDING'::text),,,,plans/baseline/T05_r1.json
baseline,T11,1,False,0,,Nested Loop,,,186601,184082,1,184082,1.0136841190339088,1.0136841190339088,True,False,113061.39,1587.525,,,,,plans/baseline/T11_r1.json
baseline,T11,1,False,0.0,0,Nested Loop,,,46648,46008,1,46008,1.0139106242392628,1.0139106242392628,True,False,53840.21,1019.018,,,,,plans/baseline/T11_r1.json
baseline,T11,1,False,0.0.0,0.0,Hash Join,,,30000,30183,1,30183,1.0061,1.0061,True,False,6037.01,86.471,,,(c.c_nationkey = n.n_nationkey),,plans/baseline/T11_r1.json
baseline,T11,1,False,0.0.0.0,0.0.0,Seq Scan,customer,c,150000,150000,1,150000,1.0,1.0,True,False,5172.0,36.789,,,,,plans/baseline/T11_r1.json
baseline,T11,1,False,0.0.0.1,0.0.0,Hash,,,5,5,1,5,1.0,1.0,True,False,2.45,0.151,,,,,plans/baseline/T11_r1.json
baseline,T11,1,False,0.0.0.1.0,0.0.0.1,Hash Join,,,5,5,1,5,1.0,1.0,True,False,2.45,0.143,,,(n.n_regionkey = r.r_regionkey),,plans/baseline/T11_r1.json
baseline,T11,1,False,0.0.0.1.0.0,0.0.0.1.0,Seq Scan,nation,n,25,25,1,25,1.0,1.0,True,False,1.25,0.028,,,,,plans/baseline/T11_r1.json
baseline,T11,1,False,0.0.0.1.0.1,0.0.0.1.0,Hash,,,1,1,1,1,1.0,1.0,True,False,1.06,0.064,,,,,plans/baseline/T11_r1.json
baseline,T11,1,False,0.0.0.1.0.1.0,0.0.0.1.0.1,Seq Scan,region,r,1,1,1,1,1.0,1.0,True,False,1.06,0.046,((r.r_name)::text = 'ASIA'::text),,,,plans/baseline/T11_r1.json
baseline,T11,1,False,0.0.1,0.0,Index Scan,orders,o,3,2,30183,60366,1.5,1.5,True,False,1.56,0.03,((o.o_orderdate >= '1994-01-01'::date) AND (o.o_orderdate < '1995-01-01'::date)),,,(o.o_custkey = c.c_custkey),plans/baseline/T11_r1.json
baseline,T11,1,False,0.1,0,Index Only Scan,lineitem,l,16,4,46008,184032,4.0,4.0,True,False,1.11,0.011,,,,(l.l_orderkey = o.o_orderkey),plans/baseline/T11_r1.json
baseline,S20,1,False,0,,Hash Join,,,30,3000,1,3000,100.0,100.0,True,False,5551.12,51.568,,,(o.customer_id = c.id),,plans/baseline/S20_r1.json
baseline,S20,1,False,0.0,0,Seq Scan,cross_orders,o,3000,3000,1,3000,1.0,1.0,True,False,5372.0,49.102,(o.zipcode = 'Z00'::text),,,,plans/baseline/S20_r1.json
baseline,S20,1,False,0.1,0,Hash,,,100,100,1,100,1.0,1.0,True,False,170.0,1.471,,,,,plans/baseline/S20_r1.json
baseline,S20,1,False,0.1.0,0.1,Seq Scan,cross_customers,c,100,100,1,100,1.0,1.0,True,False,170.0,1.427,(c.city = 'C00'::text),,,,plans/baseline/S20_r1.json
baseline,T01,1,False,0,,Seq Scan,orders,orders,737550,729413,1,729413,1.0111555456236727,1.0111555456236727,True,False,45462.0,481.457,((orders.o_orderstatus)::text = 'F'::text),,,,plans/baseline/T01_r1.json
baseline,T07,2,False,0,,Hash Join,,,60633,61850,1,61850,1.0200715781834975,1.0200715781834975,True,False,254792.94,2306.42,,,(l.l_orderkey = o.o_orderkey),,plans/baseline/T07_r2.json
baseline,T07,2,False,0.0,0,Seq Scan,lineitem,l,1626480,1637557,1,1637557,1.0068104126703064,1.0068104126703064,True,False,200612.44,1371.832,((l.l_discount >= 0.05) AND (l.l_discount <= 0.07)),,,,plans/baseline/T07_r2.json
baseline,T07,2,False,0.1,0,Hash,,,55918,56506,1,56506,1.0105153975464072,1.0105153975464072,True,False,49212.0,361.88,,,,,plans/baseline/T07_r2.json
baseline,T07,2,False,0.1.0,0.1,Seq Scan,orders,o,55918,56506,1,56506,1.0105153975464072,1.0105153975464072,True,False,49212.0,335.661,((o.o_orderdate >= '1995-01-01'::date) AND (o.o_orderdate < '1995-04-01'::date)),,,,plans/baseline/T07_r2.json
baseline,S20,2,False,0,,Hash Join,,,30,3000,1,3000,100.0,100.0,True,False,5551.12,42.617,,,(o.customer_id = c.id),,plans/baseline/S20_r2.json
baseline,S20,2,False,0.0,0,Seq Scan,cross_orders,o,3000,3000,1,3000,1.0,1.0,True,False,5372.0,40.392,(o.zipcode = 'Z00'::text),,,,plans/baseline/S20_r2.json
baseline,S20,2,False,0.1,0,Hash,,,100,100,1,100,1.0,1.0,True,False,170.0,1.194,,,,,plans/baseline/S20_r2.json
baseline,S20,2,False,0.1.0,0.1,Seq Scan,cross_customers,c,100,100,1,100,1.0,1.0,True,False,170.0,1.162,(c.city = 'C00'::text),,,,plans/baseline/S20_r2.json
baseline,T01,2,False,0,,Seq Scan,orders,orders,737550,729413,1,729413,1.0111555456236727,1.0111555456236727,True,False,45462.0,476.076,((orders.o_orderstatus)::text = 'F'::text),,,,plans/baseline/T01_r2.json
baseline,S19,2,False,0,,Seq Scan,corr_skewed,corr_skewed,8,1515,1,1515,189.375,189.375,True,False,6122.0,79.415,((corr_skewed.city = 'C42'::text) AND (corr_skewed.zipcode = 'Z42'::text)),,,,plans/baseline/S19_r2.json
baseline,S15,2,False,0,,Seq Scan,corr_independent,corr_independent,30,30,1,30,1.0,1.0,True,False,6122.0,60.679,((corr_independent.city = 'C00'::text) AND (corr_independent.zipcode = 'Z00'::text)),,,,plans/baseline/S15_r2.json
baseline,T05,2,False,0,,Seq Scan,customer,customer,29805,30142,1,30142,1.011306827713471,1.011306827713471,True,False,5547.0,47.435,((customer.c_mktsegment)::text = 'BUILDING'::text),,,,plans/baseline/T05_r2.json
baseline,S14,2,False,0,,Seq Scan,corr_dependent,corr_dependent,3000,3000,1,3000,1.0,1.0,True,False,5372.0,69.888,(corr_dependent.city = 'C00'::text),,,,plans/baseline/S14_r2.json
baseline,S18,2,False,0,,Seq Scan,corr_skewed,corr_skewed,75000,150000,1,150000,2.0,2.0,True,False,6122.0,83.383,((corr_skewed.city = 'C00'::text) AND (corr_skewed.zipcode = 'Z00'::text)),,,,plans/baseline/S18_r2.json
baseline,T08,2,False,0,,Hash Join,,,400,396,1,396,1.0101010101010102,1.0101010101010102,True,False,351.02,4.26,,,(s.s_nationkey = n.n_nationkey),,plans/baseline/T08_r2.json
baseline,T08,2,False,0.0,0,Seq Scan,supplier,s,10000,10000,1,10000,1.0,1.0,True,False,319.0,3.185,,,,,plans/baseline/T08_r2.json
baseline,T08,2,False,0.1,0,Hash,,,1,1,1,1,1.0,1.0,True,False,1.31,0.036,,,,,plans/baseline/T08_r2.json
baseline,T08,2,False,0.1.0,0.1,Seq Scan,nation,n,1,1,1,1,1.0,1.0,True,False,1.31,0.027,((n.n_name)::text = 'GERMANY'::text),,,,plans/baseline/T08_r2.json
baseline,T03,2,False,0,,Seq Scan,lineitem,lineitem,921739,909455,1,909455,1.0135069904503247,1.0135069904503247,True,False,200612.44,956.744,((lineitem.l_shipdate >= '1994-01-01'::date) AND (lineitem.l_shipdate < '1995-01-01'::date)),,,,plans/baseline/T03_r2.json
baseline,T11,2,False,0,,Nested Loop,,,186601,184082,1,184082,1.0136841190339088,1.0136841190339088,True,False,113061.39,1368.144,,,,,plans/baseline/T11_r2.json
baseline,T11,2,False,0.0,0,Nested Loop,,,46648,46008,1,46008,1.0139106242392628,1.0139106242392628,True,False,53840.21,882.662,,,,,plans/baseline/T11_r2.json
baseline,T11,2,False,0.0.0,0.0,Hash Join,,,30000,30183,1,30183,1.0061,1.0061,True,False,6037.01,78.57,,,(c.c_nationkey = n.n_nationkey),,plans/baseline/T11_r2.json
baseline,T11,2,False,0.0.0.0,0.0.0,Seq Scan,customer,c,150000,150000,1,150000,1.0,1.0,True,False,5172.0,33.185,,,,,plans/baseline/T11_r2.json
baseline,T11,2,False,0.0.0.1,0.0.0,Hash,,,5,5,1,5,1.0,1.0,True,False,2.45,0.237,,,,,plans/baseline/T11_r2.json
baseline,T11,2,False,0.0.0.1.0,0.0.0.1,Hash Join,,,5,5,1,5,1.0,1.0,True,False,2.45,0.228,,,(n.n_regionkey = r.r_regionkey),,plans/baseline/T11_r2.json
baseline,T11,2,False,0.0.0.1.0.0,0.0.0.1.0,Seq Scan,nation,n,25,25,1,25,1.0,1.0,True,False,1.25,0.012,,,,,plans/baseline/T11_r2.json
baseline,T11,2,False,0.0.0.1.0.1,0.0.0.1.0,Hash,,,1,1,1,1,1.0,1.0,True,False,1.06,0.169,,,,,plans/baseline/T11_r2.json
baseline,T11,2,False,0.0.0.1.0.1.0,0.0.0.1.0.1,Seq Scan,region,r,1,1,1,1,1.0,1.0,True,False,1.06,0.141,((r.r_name)::text = 'ASIA'::text),,,,plans/baseline/T11_r2.json
baseline,T11,2,False,0.0.1,0.0,Index Scan,orders,o,3,2,30183,60366,1.5,1.5,True,False,1.56,0.026,((o.o_orderdate >= '1994-01-01'::date) AND (o.o_orderdate < '1995-01-01'::date)),,,(o.o_custkey = c.c_custkey),plans/baseline/T11_r2.json
baseline,T11,2,False,0.1,0,Index Only Scan,lineitem,l,16,4,46008,184032,4.0,4.0,True,False,1.11,0.01,,,,(l.l_orderkey = o.o_orderkey),plans/baseline/T11_r2.json
baseline,S17,2,False,0,,Seq Scan,corr_dependent,corr_dependent,30,0,1,0,,30.0,True,True,6122.0,36.065,((corr_dependent.city = 'C00'::text) AND (corr_dependent.zipcode = 'Z01'::text)),,,,plans/baseline/S17_r2.json
baseline,T12,2,False,0,,Hash Join,,,7464,7243,1,7243,1.0305122186939113,1.0305122186939113,True,False,202957.26,2073.027,,,((c.c_nationkey = s.s_nationkey) AND (l.l_suppkey = s.s_suppkey)),,plans/baseline/T12_r2.json
baseline,T12,2,False,0.0,0,Nested Loop,,,186601,184082,1,184082,1.0136841190339088,1.0136841190339088,True,False,201508.59,1973.925,,,,,plans/baseline/T12_r2.json
baseline,T12,2,False,0.0.0,0.0,Nested Loop,,,46648,46008,1,46008,1.0139106242392628,1.0139106242392628,True,False,53840.21,1103.212,,,,,plans/baseline/T12_r2.json
baseline,T12,2,False,0.0.0.0,0.0.0,Hash Join,,,30000,30183,1,30183,1.0061,1.0061,True,False,6037.01,85.177,,,(c.c_nationkey = n.n_nationkey),,plans/baseline/T12_r2.json
baseline,T12,2,False,0.0.0.0.0,0.0.0.0,Seq Scan,customer,c,150000,150000,1,150000,1.0,1.0,True,False,5172.0,37.491,,,,,plans/baseline/T12_r2.json
baseline,T12,2,False,0.0.0.0.1,0.0.0.0,Hash,,,5,5,1,5,1.0,1.0,True,False,2.45,0.117,,,,,plans/baseline/T12_r2.json
baseline,T12,2,False,0.0.0.0.1.0,0.0.0.0.1,Hash Join,,,5,5,1,5,1.0,1.0,True,False,2.45,0.093,,,(n.n_regionkey = r.r_regionkey),,plans/baseline/T12_r2.json
baseline,T12,2,False,0.0.0.0.1.0.0,0.0.0.0.1.0,Seq Scan,nation,n,25,25,1,25,1.0,1.0,True,False,1.25,0.019,,,,,plans/baseline/T12_r2.json
baseline,T12,2,False,0.0.0.0.1.0.1,0.0.0.0.1.0,Hash,,,1,1,1,1,1.0,1.0,True,False,1.06,0.036,,,,,plans/baseline/T12_r2.json
baseline,T12,2,False,0.0.0.0.1.0.1.0,0.0.0.0.1.0.1,Seq Scan,region,r,1,1,1,1,1.0,1.0,True,False,1.06,0.023,((r.r_name)::text = 'ASIA'::text),,,,plans/baseline/T12_r2.json
baseline,T12,2,False,0.0.0.1,0.0.0,Index Scan,orders,o,3,2,30183,60366,1.5,1.5,True,False,1.56,0.033,((o.o_orderdate >= '1994-01-01'::date) AND (o.o_orderdate < '1995-01-01'::date)),,,(o.o_custkey = c.c_custkey),plans/baseline/T12_r2.json
baseline,T12,2,False,0.0.1,0.0,Index Scan,lineitem,l,16,4,46008,184032,4.0,4.0,True,False,3.01,0.018,,,,(l.l_orderkey = o.o_orderkey),plans/baseline/T12_r2.json
baseline,T12,2,False,0.1,0,Hash,,,10000,10000,1,10000,1.0,1.0,True,False,319.0,5.993,,,,,plans/baseline/T12_r2.json
baseline,T12,2,False,0.1.0,0.1,Seq Scan,supplier,s,10000,10000,1,10000,1.0,1.0,True,False,319.0,3.331,,,,,plans/baseline/T12_r2.json
baseline,T04,2,False,0,,Seq Scan,part,part,1632,1620,1,1620,1.0074074074074073,1.0074074074074073,True,False,7364.0,54.097,((part.p_size >= 1) AND (part.p_size <= 10) AND ((part.p_brand)::text = 'Brand#23'::text)),,,,plans/baseline/T04_r2.json
baseline,S16,2,False,0,,Seq Scan,corr_dependent,corr_dependent,30,3000,1,3000,100.0,100.0,True,False,6122.0,58.672,((corr_dependent.city = 'C00'::text) AND (corr_dependent.zipcode = 'Z00'::text)),,,,plans/baseline/S16_r2.json
baseline,T09,2,False,0,,Hash Join,,,315018,30519,1,30519,10.32202890002949,10.32202890002949,True,False,256034.79,2688.092,,,(l.l_orderkey = o.o_orderkey),,plans/baseline/T09_r2.json
baseline,T09,2,False,0.0,0,Seq Scan,lineitem,l,3236751,3241776,1,3241776,1.001552482721099,1.001552482721099,True,False,185611.7,1171.959,(l.l_shipdate > '1995-03-15'::date),,,,plans/baseline/T09_r2.json
baseline,T09,2,False,0.1,0,Hash,,,145988,147126,1,147126,1.0077951612461298,1.0077951612461298,True,False,53310.25,852.395,,,,,plans/baseline/T09_r2.json
baseline,T09,2,False,0.1.0,0.1,Hash Join,,,145988,147126,1,147126,1.0077951612461298,1.0077951612461298,True,False,53310.25,773.747,,,(o.o_custkey = c.c_custkey),,plans/baseline/T09_r2.json
baseline,T09,2,False,0.1.0.0,0.1.0,Seq Scan,orders,o,734716,727305,1,727305,1.010189672833268,1.010189672833268,True,False,45462.0,428.981,(o.o_orderdate < '1995-03-15'::date),,,,plans/baseline/T09_r2.json
baseline,T09,2,False,0.1.0.1,0.1.0,Hash,,,29805,30142,1,30142,1.011306827713471,1.011306827713471,True,False,5547.0,61.963,,,,,plans/baseline/T09_r2.json
baseline,T09,2,False,0.1.0.1.0,0.1.0.1,Seq Scan,customer,c,29805,30142,1,30142,1.011306827713471,1.011306827713471,True,False,5547.0,51.044,((c.c_mktsegment)::text = 'BUILDING'::text),,,,plans/baseline/T09_r2.json
baseline,S13,2,False,0,,Seq Scan,corr_independent,corr_independent,3000,3000,1,3000,1.0,1.0,True,False,5372.0,63.501,(corr_independent.city = 'C00'::text),,,,plans/baseline/S13_r2.json
baseline,T10,2,False,0,,Hash Join,,,106,118,1,118,1.1132075471698113,1.1132075471698113,True,False,9998.49,75.378,,,(ps.ps_suppkey = s.s_suppkey),,plans/baseline/T10_r2.json
baseline,T10,2,False,0.0,0,Nested Loop,,,2652,2988,1,2988,1.1266968325791855,1.1266968325791855,True,False,9631.46,68.374,,,,,plans/baseline/T10_r2.json
baseline,T10,2,False,0.0.0,0.0,Seq Scan,part,p,663,747,1,747,1.1266968325791855,1.1266968325791855,True,False,6864.0,54.327,(((p.p_type)::text ~~ '%BRASS'::text) AND (p.p_size = 15)),,,,plans/baseline/T10_r2.json
baseline,T10,2,False,0.0.1,0.0,Index Only Scan,partsupp,ps,4,4,747,2988,1.0,1.0,True,False,4.13,0.017,,,,(ps.ps_partkey = p.p_partkey),plans/baseline/T10_r2.json
baseline,T10,2,False,0.1,0,Hash,,,400,396,1,396,1.0101010101010102,1.0101010101010102,True,False,351.02,6.001,,,,,plans/baseline/T10_r2.json
baseline,T10,2,False,0.1.0,0.1,Hash Join,,,400,396,1,396,1.0101010101010102,1.0101010101010102,True,False,351.02,5.827,,,(s.s_nationkey = n.n_nationkey),,plans/baseline/T10_r2.json
baseline,T10,2,False,0.1.0.0,0.1.0,Seq Scan,supplier,s,10000,10000,1,10000,1.0,1.0,True,False,319.0,4.337,,,,,plans/baseline/T10_r2.json
baseline,T10,2,False,0.1.0.1,0.1.0,Hash,,,1,1,1,1,1.0,1.0,True,False,1.31,0.036,,,,,plans/baseline/T10_r2.json
baseline,T10,2,False,0.1.0.1.0,0.1.0.1,Seq Scan,nation,n,1,1,1,1,1.0,1.0,True,False,1.31,0.026,((n.n_name)::text = 'GERMANY'::text),,,,plans/baseline/T10_r2.json
baseline,T02,2,False,0,,Seq Scan,orders,orders,18842,19472,1,19472,1.0334359409829106,1.0334359409829106,True,False,49212.0,257.61,((orders.o_orderdate >= '1995-01-01'::date) AND (orders.o_orderdate < '1995-02-01'::date)),,,,plans/baseline/T02_r2.json
baseline,T06,2,False,0,,Hash Join,,,298050,303959,1,303959,1.0198255326287535,1.0198255326287535,True,False,51569.17,879.271,,,(o.o_custkey = c.c_custkey),,plans/baseline/T06_r2.json
baseline,T06,2,False,0.0,0,Seq Scan,orders,o,1500000,1500000,1,1500000,1.0,1.0,True,False,41712.0,250.129,,,,,plans/baseline/T06_r2.json
baseline,T06,2,False,0.1,0,Hash,,,29805,30142,1,30142,1.011306827713471,1.011306827713471,True,False,5547.0,49.648,,,,,plans/baseline/T06_r2.json
baseline,T06,2,False,0.1.0,0.1,Seq Scan,customer,c,29805,30142,1,30142,1.011306827713471,1.011306827713471,True,False,5547.0,39.202,((c.c_mktsegment)::text = 'BUILDING'::text),,,,plans/baseline/T06_r2.json
baseline,S19,3,False,0,,Seq Scan,corr_skewed,corr_skewed,8,1515,1,1515,189.375,189.375,True,False,6122.0,54.338,((corr_skewed.city = 'C42'::text) AND (corr_skewed.zipcode = 'Z42'::text)),,,,plans/baseline/S19_r3.json
baseline,T03,3,False,0,,Seq Scan,lineitem,lineitem,921739,909455,1,909455,1.0135069904503247,1.0135069904503247,True,False,200612.44,1100.052,((lineitem.l_shipdate >= '1994-01-01'::date) AND (lineitem.l_shipdate < '1995-01-01'::date)),,,,plans/baseline/T03_r3.json
baseline,T12,3,False,0,,Hash Join,,,7464,7243,1,7243,1.0305122186939113,1.0305122186939113,True,False,202957.26,2238.45,,,((c.c_nationkey = s.s_nationkey) AND (l.l_suppkey = s.s_suppkey)),,plans/baseline/T12_r3.json
baseline,T12,3,False,0.0,0,Nested Loop,,,186601,184082,1,184082,1.0136841190339088,1.0136841190339088,True,False,201508.59,2126.876,,,,,plans/baseline/T12_r3.json
baseline,T12,3,False,0.0.0,0.0,Nested Loop,,,46648,46008,1,46008,1.0139106242392628,1.0139106242392628,True,False,53840.21,1209.098,,,,,plans/baseline/T12_r3.json
baseline,T12,3,False,0.0.0.0,0.0.0,Hash Join,,,30000,30183,1,30183,1.0061,1.0061,True,False,6037.01,89.916,,,(c.c_nationkey = n.n_nationkey),,plans/baseline/T12_r3.json
baseline,T12,3,False,0.0.0.0.0,0.0.0.0,Seq Scan,customer,c,150000,150000,1,150000,1.0,1.0,True,False,5172.0,37.071,,,,,plans/baseline/T12_r3.json
baseline,T12,3,False,0.0.0.0.1,0.0.0.0,Hash,,,5,5,1,5,1.0,1.0,True,False,2.45,0.247,,,,,plans/baseline/T12_r3.json
baseline,T12,3,False,0.0.0.0.1.0,0.0.0.0.1,Hash Join,,,5,5,1,5,1.0,1.0,True,False,2.45,0.238,,,(n.n_regionkey = r.r_regionkey),,plans/baseline/T12_r3.json
baseline,T12,3,False,0.0.0.0.1.0.0,0.0.0.0.1.0,Seq Scan,nation,n,25,25,1,25,1.0,1.0,True,False,1.25,0.078,,,,,plans/baseline/T12_r3.json
baseline,T12,3,False,0.0.0.0.1.0.1,0.0.0.0.1.0,Hash,,,1,1,1,1,1.0,1.0,True,False,1.06,0.095,,,,,plans/baseline/T12_r3.json
baseline,T12,3,False,0.0.0.0.1.0.1.0,0.0.0.0.1.0.1,Seq Scan,region,r,1,1,1,1,1.0,1.0,True,False,1.06,0.073,((r.r_name)::text = 'ASIA'::text),,,,plans/baseline/T12_r3.json
baseline,T12,3,False,0.0.0.1,0.0.0,Index Scan,orders,o,3,2,30183,60366,1.5,1.5,True,False,1.56,0.036,((o.o_orderdate >= '1994-01-01'::date) AND (o.o_orderdate < '1995-01-01'::date)),,,(o.o_custkey = c.c_custkey),plans/baseline/T12_r3.json
baseline,T12,3,False,0.0.1,0.0,Index Scan,lineitem,l,16,4,46008,184032,4.0,4.0,True,False,3.01,0.019,,,,(l.l_orderkey = o.o_orderkey),plans/baseline/T12_r3.json
baseline,T12,3,False,0.1,0,Hash,,,10000,10000,1,10000,1.0,1.0,True,False,319.0,10.166,,,,,plans/baseline/T12_r3.json
baseline,T12,3,False,0.1.0,0.1,Seq Scan,supplier,s,10000,10000,1,10000,1.0,1.0,True,False,319.0,7.002,,,,,plans/baseline/T12_r3.json
baseline,T08,3,False,0,,Hash Join,,,400,396,1,396,1.0101010101010102,1.0101010101010102,True,False,351.02,5.129,,,(s.s_nationkey = n.n_nationkey),,plans/baseline/T08_r3.json
baseline,T08,3,False,0.0,0,Seq Scan,supplier,s,10000,10000,1,10000,1.0,1.0,True,False,319.0,3.855,,,,,plans/baseline/T08_r3.json
baseline,T08,3,False,0.1,0,Hash,,,1,1,1,1,1.0,1.0,True,False,1.31,0.031,,,,,plans/baseline/T08_r3.json
baseline,T08,3,False,0.1.0,0.1,Seq Scan,nation,n,1,1,1,1,1.0,1.0,True,False,1.31,0.022,((n.n_name)::text = 'GERMANY'::text),,,,plans/baseline/T08_r3.json
baseline,T07,3,False,0,,Hash Join,,,60633,61850,1,61850,1.0200715781834975,1.0200715781834975,True,False,254792.94,2275.654,,,(l.l_orderkey = o.o_orderkey),,plans/baseline/T07_r3.json
baseline,T07,3,False,0.0,0,Seq Scan,lineitem,l,1626480,1637557,1,1637557,1.0068104126703064,1.0068104126703064,True,False,200612.44,1360.2,((l.l_discount >= 0.05) AND (l.l_discount <= 0.07)),,,,plans/baseline/T07_r3.json
baseline,T07,3,False,0.1,0,Hash,,,55918,56506,1,56506,1.0105153975464072,1.0105153975464072,True,False,49212.0,354.939,,,,,plans/baseline/T07_r3.json
baseline,T07,3,False,0.1.0,0.1,Seq Scan,orders,o,55918,56506,1,56506,1.0105153975464072,1.0105153975464072,True,False,49212.0,328.547,((o.o_orderdate >= '1995-01-01'::date) AND (o.o_orderdate < '1995-04-01'::date)),,,,plans/baseline/T07_r3.json
baseline,T04,3,False,0,,Seq Scan,part,part,1632,1620,1,1620,1.0074074074074073,1.0074074074074073,True,False,7364.0,67.74,((part.p_size >= 1) AND (part.p_size <= 10) AND ((part.p_brand)::text = 'Brand#23'::text)),,,,plans/baseline/T04_r3.json
baseline,T06,3,False,0,,Hash Join,,,298050,303959,1,303959,1.0198255326287535,1.0198255326287535,True,False,51569.17,1003.695,,,(o.o_custkey = c.c_custkey),,plans/baseline/T06_r3.json
baseline,T06,3,False,0.0,0,Seq Scan,orders,o,1500000,1500000,1,1500000,1.0,1.0,True,False,41712.0,272.601,,,,,plans/baseline/T06_r3.json
baseline,T06,3,False,0.1,0,Hash,,,29805,30142,1,30142,1.011306827713471,1.011306827713471,True,False,5547.0,59.864,,,,,plans/baseline/T06_r3.json
baseline,T06,3,False,0.1.0,0.1,Seq Scan,customer,c,29805,30142,1,30142,1.011306827713471,1.011306827713471,True,False,5547.0,49.122,((c.c_mktsegment)::text = 'BUILDING'::text),,,,plans/baseline/T06_r3.json
baseline,S17,3,False,0,,Seq Scan,corr_dependent,corr_dependent,30,0,1,0,,30.0,True,True,6122.0,73.231,((corr_dependent.city = 'C00'::text) AND (corr_dependent.zipcode = 'Z01'::text)),,,,plans/baseline/S17_r3.json
baseline,S16,3,False,0,,Seq Scan,corr_dependent,corr_dependent,30,3000,1,3000,100.0,100.0,True,False,6122.0,57.518,((corr_dependent.city = 'C00'::text) AND (corr_dependent.zipcode = 'Z00'::text)),,,,plans/baseline/S16_r3.json
baseline,T11,3,False,0,,Nested Loop,,,186601,184082,1,184082,1.0136841190339088,1.0136841190339088,True,False,113061.39,1585.204,,,,,plans/baseline/T11_r3.json
baseline,T11,3,False,0.0,0,Nested Loop,,,46648,46008,1,46008,1.0139106242392628,1.0139106242392628,True,False,53840.21,1017.053,,,,,plans/baseline/T11_r3.json
baseline,T11,3,False,0.0.0,0.0,Hash Join,,,30000,30183,1,30183,1.0061,1.0061,True,False,6037.01,88.172,,,(c.c_nationkey = n.n_nationkey),,plans/baseline/T11_r3.json
baseline,T11,3,False,0.0.0.0,0.0.0,Seq Scan,customer,c,150000,150000,1,150000,1.0,1.0,True,False,5172.0,37.904,,,,,plans/baseline/T11_r3.json
baseline,T11,3,False,0.0.0.1,0.0.0,Hash,,,5,5,1,5,1.0,1.0,True,False,2.45,0.109,,,,,plans/baseline/T11_r3.json
baseline,T11,3,False,0.0.0.1.0,0.0.0.1,Hash Join,,,5,5,1,5,1.0,1.0,True,False,2.45,0.103,,,(n.n_regionkey = r.r_regionkey),,plans/baseline/T11_r3.json
baseline,T11,3,False,0.0.0.1.0.0,0.0.0.1.0,Seq Scan,nation,n,25,25,1,25,1.0,1.0,True,False,1.25,0.017,,,,,plans/baseline/T11_r3.json
baseline,T11,3,False,0.0.0.1.0.1,0.0.0.1.0,Hash,,,1,1,1,1,1.0,1.0,True,False,1.06,0.043,,,,,plans/baseline/T11_r3.json
baseline,T11,3,False,0.0.0.1.0.1.0,0.0.0.1.0.1,Seq Scan,region,r,1,1,1,1,1.0,1.0,True,False,1.06,0.03,((r.r_name)::text = 'ASIA'::text),,,,plans/baseline/T11_r3.json
baseline,T11,3,False,0.0.1,0.0,Index Scan,orders,o,3,2,30183,60366,1.5,1.5,True,False,1.56,0.03,((o.o_orderdate >= '1994-01-01'::date) AND (o.o_orderdate < '1995-01-01'::date)),,,(o.o_custkey = c.c_custkey),plans/baseline/T11_r3.json
baseline,T11,3,False,0.1,0,Index Only Scan,lineitem,l,16,4,46008,184032,4.0,4.0,True,False,1.11,0.012,,,,(l.l_orderkey = o.o_orderkey),plans/baseline/T11_r3.json
baseline,S15,3,False,0,,Seq Scan,corr_independent,corr_independent,30,30,1,30,1.0,1.0,True,False,6122.0,39.795,((corr_independent.city = 'C00'::text) AND (corr_independent.zipcode = 'Z00'::text)),,,,plans/baseline/S15_r3.json
baseline,T01,3,False,0,,Seq Scan,orders,orders,737550,729413,1,729413,1.0111555456236727,1.0111555456236727,True,False,45462.0,486.97,((orders.o_orderstatus)::text = 'F'::text),,,,plans/baseline/T01_r3.json
baseline,S14,3,False,0,,Seq Scan,corr_dependent,corr_dependent,3000,3000,1,3000,1.0,1.0,True,False,5372.0,59.517,(corr_dependent.city = 'C00'::text),,,,plans/baseline/S14_r3.json
baseline,S20,3,False,0,,Hash Join,,,30,3000,1,3000,100.0,100.0,True,False,5551.12,43.884,,,(o.customer_id = c.id),,plans/baseline/S20_r3.json
baseline,S20,3,False,0.0,0,Seq Scan,cross_orders,o,3000,3000,1,3000,1.0,1.0,True,False,5372.0,41.508,(o.zipcode = 'Z00'::text),,,,plans/baseline/S20_r3.json
baseline,S20,3,False,0.1,0,Hash,,,100,100,1,100,1.0,1.0,True,False,170.0,1.364,,,,,plans/baseline/S20_r3.json
baseline,S20,3,False,0.1.0,0.1,Seq Scan,cross_customers,c,100,100,1,100,1.0,1.0,True,False,170.0,1.326,(c.city = 'C00'::text),,,,plans/baseline/S20_r3.json
baseline,T02,3,False,0,,Seq Scan,orders,orders,18842,19472,1,19472,1.0334359409829106,1.0334359409829106,True,False,49212.0,334.483,((orders.o_orderdate >= '1995-01-01'::date) AND (orders.o_orderdate < '1995-02-01'::date)),,,,plans/baseline/T02_r3.json
baseline,T05,3,False,0,,Seq Scan,customer,customer,29805,30142,1,30142,1.011306827713471,1.011306827713471,True,False,5547.0,48.998,((customer.c_mktsegment)::text = 'BUILDING'::text),,,,plans/baseline/T05_r3.json
baseline,S13,3,False,0,,Seq Scan,corr_independent,corr_independent,3000,3000,1,3000,1.0,1.0,True,False,5372.0,66.473,(corr_independent.city = 'C00'::text),,,,plans/baseline/S13_r3.json
baseline,T10,3,False,0,,Hash Join,,,106,118,1,118,1.1132075471698113,1.1132075471698113,True,False,9998.49,81.495,,,(ps.ps_suppkey = s.s_suppkey),,plans/baseline/T10_r3.json
baseline,T10,3,False,0.0,0,Nested Loop,,,2652,2988,1,2988,1.1266968325791855,1.1266968325791855,True,False,9631.46,76.516,,,,,plans/baseline/T10_r3.json
baseline,T10,3,False,0.0.0,0.0,Seq Scan,part,p,663,747,1,747,1.1266968325791855,1.1266968325791855,True,False,6864.0,64.01,(((p.p_type)::text ~~ '%BRASS'::text) AND (p.p_size = 15)),,,,plans/baseline/T10_r3.json
baseline,T10,3,False,0.0.1,0.0,Index Only Scan,partsupp,ps,4,4,747,2988,1.0,1.0,True,False,4.13,0.015,,,,(ps.ps_partkey = p.p_partkey),plans/baseline/T10_r3.json
baseline,T10,3,False,0.1,0,Hash,,,400,396,1,396,1.0101010101010102,1.0101010101010102,True,False,351.02,4.005,,,,,plans/baseline/T10_r3.json
baseline,T10,3,False,0.1.0,0.1,Hash Join,,,400,396,1,396,1.0101010101010102,1.0101010101010102,True,False,351.02,3.812,,,(s.s_nationkey = n.n_nationkey),,plans/baseline/T10_r3.json
baseline,T10,3,False,0.1.0.0,0.1.0,Seq Scan,supplier,s,10000,10000,1,10000,1.0,1.0,True,False,319.0,2.711,,,,,plans/baseline/T10_r3.json
baseline,T10,3,False,0.1.0.1,0.1.0,Hash,,,1,1,1,1,1.0,1.0,True,False,1.31,0.031,,,,,plans/baseline/T10_r3.json
baseline,T10,3,False,0.1.0.1.0,0.1.0.1,Seq Scan,nation,n,1,1,1,1,1.0,1.0,True,False,1.31,0.022,((n.n_name)::text = 'GERMANY'::text),,,,plans/baseline/T10_r3.json
baseline,S18,3,False,0,,Seq Scan,corr_skewed,corr_skewed,75000,150000,1,150000,2.0,2.0,True,False,6122.0,78.65,((corr_skewed.city = 'C00'::text) AND (corr_skewed.zipcode = 'Z00'::text)),,,,plans/baseline/S18_r3.json
baseline,T09,3,False,0,,Hash Join,,,315018,30519,1,30519,10.32202890002949,10.32202890002949,True,False,256034.79,2646.692,,,(l.l_orderkey = o.o_orderkey),,plans/baseline/T09_r3.json
baseline,T09,3,False,0.0,0,Seq Scan,lineitem,l,3236751,3241776,1,3241776,1.001552482721099,1.001552482721099,True,False,185611.7,1257.617,(l.l_shipdate > '1995-03-15'::date),,,,plans/baseline/T09_r3.json
baseline,T09,3,False,0.1,0,Hash,,,145988,147126,1,147126,1.0077951612461298,1.0077951612461298,True,False,53310.25,731.65,,,,,plans/baseline/T09_r3.json
baseline,T09,3,False,0.1.0,0.1,Hash Join,,,145988,147126,1,147126,1.0077951612461298,1.0077951612461298,True,False,53310.25,662.924,,,(o.o_custkey = c.c_custkey),,plans/baseline/T09_r3.json
baseline,T09,3,False,0.1.0.0,0.1.0,Seq Scan,orders,o,734716,727305,1,727305,1.010189672833268,1.010189672833268,True,False,45462.0,362.677,(o.o_orderdate < '1995-03-15'::date),,,,plans/baseline/T09_r3.json
baseline,T09,3,False,0.1.0.1,0.1.0,Hash,,,29805,30142,1,30142,1.011306827713471,1.011306827713471,True,False,5547.0,59.278,,,,,plans/baseline/T09_r3.json
baseline,T09,3,False,0.1.0.1.0,0.1.0.1,Seq Scan,customer,c,29805,30142,1,30142,1.011306827713471,1.011306827713471,True,False,5547.0,49.631,((c.c_mktsegment)::text = 'BUILDING'::text),,,,plans/baseline/T09_r3.json
reanalyze_control,S13,0,True,0,,Seq Scan,corr_independent,corr_independent,3000,3000,1,3000,1.0,1.0,True,False,5372.0,58.698,(corr_independent.city = 'C00'::text),,,,plans/reanalyze_control/S13_r0.json
reanalyze_control,S16,0,True,0,,Seq Scan,corr_dependent,corr_dependent,30,3000,1,3000,100.0,100.0,True,False,6122.0,101.302,((corr_dependent.city = 'C00'::text) AND (corr_dependent.zipcode = 'Z00'::text)),,,,plans/reanalyze_control/S16_r0.json
reanalyze_control,S19,0,True,0,,Seq Scan,corr_skewed,corr_skewed,8,1515,1,1515,189.375,189.375,True,False,6122.0,49.952,((corr_skewed.city = 'C42'::text) AND (corr_skewed.zipcode = 'Z42'::text)),,,,plans/reanalyze_control/S19_r0.json
reanalyze_control,S20,0,True,0,,Hash Join,,,30,3000,1,3000,100.0,100.0,True,False,5551.12,47.041,,,(o.customer_id = c.id),,plans/reanalyze_control/S20_r0.json
reanalyze_control,S20,0,True,0.0,0,Seq Scan,cross_orders,o,3000,3000,1,3000,1.0,1.0,True,False,5372.0,45.012,(o.zipcode = 'Z00'::text),,,,plans/reanalyze_control/S20_r0.json
reanalyze_control,S20,0,True,0.1,0,Hash,,,100,100,1,100,1.0,1.0,True,False,170.0,1.064,,,,,plans/reanalyze_control/S20_r0.json
reanalyze_control,S20,0,True,0.1.0,0.1,Seq Scan,cross_customers,c,100,100,1,100,1.0,1.0,True,False,170.0,1.031,(c.city = 'C00'::text),,,,plans/reanalyze_control/S20_r0.json
reanalyze_control,S17,0,True,0,,Seq Scan,corr_dependent,corr_dependent,30,0,1,0,,30.0,True,True,6122.0,48.104,((corr_dependent.city = 'C00'::text) AND (corr_dependent.zipcode = 'Z01'::text)),,,,plans/reanalyze_control/S17_r0.json
reanalyze_control,S14,0,True,0,,Seq Scan,corr_dependent,corr_dependent,3000,3000,1,3000,1.0,1.0,True,False,5372.0,60.518,(corr_dependent.city = 'C00'::text),,,,plans/reanalyze_control/S14_r0.json
reanalyze_control,S18,0,True,0,,Seq Scan,corr_skewed,corr_skewed,75000,150000,1,150000,2.0,2.0,True,False,6122.0,65.792,((corr_skewed.city = 'C00'::text) AND (corr_skewed.zipcode = 'Z00'::text)),,,,plans/reanalyze_control/S18_r0.json
reanalyze_control,S15,0,True,0,,Seq Scan,corr_independent,corr_independent,30,30,1,30,1.0,1.0,True,False,6122.0,56.213,((corr_independent.city = 'C00'::text) AND (corr_independent.zipcode = 'Z00'::text)),,,,plans/reanalyze_control/S15_r0.json
reanalyze_control,S18,1,False,0,,Seq Scan,corr_skewed,corr_skewed,75000,150000,1,150000,2.0,2.0,True,False,6122.0,62.975,((corr_skewed.city = 'C00'::text) AND (corr_skewed.zipcode = 'Z00'::text)),,,,plans/reanalyze_control/S18_r1.json
reanalyze_control,S19,1,False,0,,Seq Scan,corr_skewed,corr_skewed,8,1515,1,1515,189.375,189.375,True,False,6122.0,52.369,((corr_skewed.city = 'C42'::text) AND (corr_skewed.zipcode = 'Z42'::text)),,,,plans/reanalyze_control/S19_r1.json
reanalyze_control,S16,1,False,0,,Seq Scan,corr_dependent,corr_dependent,30,3000,1,3000,100.0,100.0,True,False,6122.0,52.208,((corr_dependent.city = 'C00'::text) AND (corr_dependent.zipcode = 'Z00'::text)),,,,plans/reanalyze_control/S16_r1.json
reanalyze_control,S14,1,False,0,,Seq Scan,corr_dependent,corr_dependent,3000,3000,1,3000,1.0,1.0,True,False,5372.0,55.437,(corr_dependent.city = 'C00'::text),,,,plans/reanalyze_control/S14_r1.json
reanalyze_control,S15,1,False,0,,Seq Scan,corr_independent,corr_independent,30,30,1,30,1.0,1.0,True,False,6122.0,52.771,((corr_independent.city = 'C00'::text) AND (corr_independent.zipcode = 'Z00'::text)),,,,plans/reanalyze_control/S15_r1.json
reanalyze_control,S20,1,False,0,,Hash Join,,,30,3000,1,3000,100.0,100.0,True,False,5551.12,44.755,,,(o.customer_id = c.id),,plans/reanalyze_control/S20_r1.json
reanalyze_control,S20,1,False,0.0,0,Seq Scan,cross_orders,o,3000,3000,1,3000,1.0,1.0,True,False,5372.0,42.358,(o.zipcode = 'Z00'::text),,,,plans/reanalyze_control/S20_r1.json
reanalyze_control,S20,1,False,0.1,0,Hash,,,100,100,1,100,1.0,1.0,True,False,170.0,0.972,,,,,plans/reanalyze_control/S20_r1.json
reanalyze_control,S20,1,False,0.1.0,0.1,Seq Scan,cross_customers,c,100,100,1,100,1.0,1.0,True,False,170.0,0.942,(c.city = 'C00'::text),,,,plans/reanalyze_control/S20_r1.json
reanalyze_control,S17,1,False,0,,Seq Scan,corr_dependent,corr_dependent,30,0,1,0,,30.0,True,True,6122.0,47.941,((corr_dependent.city = 'C00'::text) AND (corr_dependent.zipcode = 'Z01'::text)),,,,plans/reanalyze_control/S17_r1.json
reanalyze_control,S13,1,False,0,,Seq Scan,corr_independent,corr_independent,3000,3000,1,3000,1.0,1.0,True,False,5372.0,55.196,(corr_independent.city = 'C00'::text),,,,plans/reanalyze_control/S13_r1.json
reanalyze_control,S14,2,False,0,,Seq Scan,corr_dependent,corr_dependent,3000,3000,1,3000,1.0,1.0,True,False,5372.0,55.308,(corr_dependent.city = 'C00'::text),,,,plans/reanalyze_control/S14_r2.json
reanalyze_control,S19,2,False,0,,Seq Scan,corr_skewed,corr_skewed,8,1515,1,1515,189.375,189.375,True,False,6122.0,49.014,((corr_skewed.city = 'C42'::text) AND (corr_skewed.zipcode = 'Z42'::text)),,,,plans/reanalyze_control/S19_r2.json
reanalyze_control,S17,2,False,0,,Seq Scan,corr_dependent,corr_dependent,30,0,1,0,,30.0,True,True,6122.0,48.837,((corr_dependent.city = 'C00'::text) AND (corr_dependent.zipcode = 'Z01'::text)),,,,plans/reanalyze_control/S17_r2.json
reanalyze_control,S18,2,False,0,,Seq Scan,corr_skewed,corr_skewed,75000,150000,1,150000,2.0,2.0,True,False,6122.0,67.413,((corr_skewed.city = 'C00'::text) AND (corr_skewed.zipcode = 'Z00'::text)),,,,plans/reanalyze_control/S18_r2.json
reanalyze_control,S16,2,False,0,,Seq Scan,corr_dependent,corr_dependent,30,3000,1,3000,100.0,100.0,True,False,6122.0,47.923,((corr_dependent.city = 'C00'::text) AND (corr_dependent.zipcode = 'Z00'::text)),,,,plans/reanalyze_control/S16_r2.json
reanalyze_control,S20,2,False,0,,Hash Join,,,30,3000,1,3000,100.0,100.0,True,False,5551.12,42.019,,,(o.customer_id = c.id),,plans/reanalyze_control/S20_r2.json
reanalyze_control,S20,2,False,0.0,0,Seq Scan,cross_orders,o,3000,3000,1,3000,1.0,1.0,True,False,5372.0,39.262,(o.zipcode = 'Z00'::text),,,,plans/reanalyze_control/S20_r2.json
reanalyze_control,S20,2,False,0.1,0,Hash,,,100,100,1,100,1.0,1.0,True,False,170.0,1.779,,,,,plans/reanalyze_control/S20_r2.json
reanalyze_control,S20,2,False,0.1.0,0.1,Seq Scan,cross_customers,c,100,100,1,100,1.0,1.0,True,False,170.0,1.731,(c.city = 'C00'::text),,,,plans/reanalyze_control/S20_r2.json
reanalyze_control,S13,2,False,0,,Seq Scan,corr_independent,corr_independent,3000,3000,1,3000,1.0,1.0,True,False,5372.0,55.475,(corr_independent.city = 'C00'::text),,,,plans/reanalyze_control/S13_r2.json
reanalyze_control,S15,2,False,0,,Seq Scan,corr_independent,corr_independent,30,30,1,30,1.0,1.0,True,False,6122.0,52.041,((corr_independent.city = 'C00'::text) AND (corr_independent.zipcode = 'Z00'::text)),,,,plans/reanalyze_control/S15_r2.json
reanalyze_control,S19,3,False,0,,Seq Scan,corr_skewed,corr_skewed,8,1515,1,1515,189.375,189.375,True,False,6122.0,51.119,((corr_skewed.city = 'C42'::text) AND (corr_skewed.zipcode = 'Z42'::text)),,,,plans/reanalyze_control/S19_r3.json
reanalyze_control,S18,3,False,0,,Seq Scan,corr_skewed,corr_skewed,75000,150000,1,150000,2.0,2.0,True,False,6122.0,63.711,((corr_skewed.city = 'C00'::text) AND (corr_skewed.zipcode = 'Z00'::text)),,,,plans/reanalyze_control/S18_r3.json
reanalyze_control,S13,3,False,0,,Seq Scan,corr_independent,corr_independent,3000,3000,1,3000,1.0,1.0,True,False,5372.0,54.999,(corr_independent.city = 'C00'::text),,,,plans/reanalyze_control/S13_r3.json
reanalyze_control,S14,3,False,0,,Seq Scan,corr_dependent,corr_dependent,3000,3000,1,3000,1.0,1.0,True,False,5372.0,53.874,(corr_dependent.city = 'C00'::text),,,,plans/reanalyze_control/S14_r3.json
reanalyze_control,S16,3,False,0,,Seq Scan,corr_dependent,corr_dependent,30,3000,1,3000,100.0,100.0,True,False,6122.0,56.926,((corr_dependent.city = 'C00'::text) AND (corr_dependent.zipcode = 'Z00'::text)),,,,plans/reanalyze_control/S16_r3.json
reanalyze_control,S15,3,False,0,,Seq Scan,corr_independent,corr_independent,30,30,1,30,1.0,1.0,True,False,6122.0,47.75,((corr_independent.city = 'C00'::text) AND (corr_independent.zipcode = 'Z00'::text)),,,,plans/reanalyze_control/S15_r3.json
reanalyze_control,S20,3,False,0,,Hash Join,,,30,3000,1,3000,100.0,100.0,True,False,5551.12,48.739,,,(o.customer_id = c.id),,plans/reanalyze_control/S20_r3.json
reanalyze_control,S20,3,False,0.0,0,Seq Scan,cross_orders,o,3000,3000,1,3000,1.0,1.0,True,False,5372.0,46.663,(o.zipcode = 'Z00'::text),,,,plans/reanalyze_control/S20_r3.json
reanalyze_control,S20,3,False,0.1,0,Hash,,,100,100,1,100,1.0,1.0,True,False,170.0,1.077,,,,,plans/reanalyze_control/S20_r3.json
reanalyze_control,S20,3,False,0.1.0,0.1,Seq Scan,cross_customers,c,100,100,1,100,1.0,1.0,True,False,170.0,1.048,(c.city = 'C00'::text),,,,plans/reanalyze_control/S20_r3.json
reanalyze_control,S17,3,False,0,,Seq Scan,corr_dependent,corr_dependent,30,0,1,0,,30.0,True,True,6122.0,57.138,((corr_dependent.city = 'C00'::text) AND (corr_dependent.zipcode = 'Z01'::text)),,,,plans/reanalyze_control/S17_r3.json
extended,S13,0,True,0,,Seq Scan,corr_independent,corr_independent,3000,3000,1,3000,1.0,1.0,True,False,5372.0,35.363,(corr_independent.city = 'C00'::text),,,,plans/extended/S13_r0.json
extended,S16,0,True,0,,Seq Scan,corr_dependent,corr_dependent,3000,3000,1,3000,1.0,1.0,True,False,6122.0,34.784,((corr_dependent.city = 'C00'::text) AND (corr_dependent.zipcode = 'Z00'::text)),,,,plans/extended/S16_r0.json
extended,S19,0,True,0,,Seq Scan,corr_skewed,corr_skewed,1515,1515,1,1515,1.0,1.0,True,False,6122.0,28.908,((corr_skewed.city = 'C42'::text) AND (corr_skewed.zipcode = 'Z42'::text)),,,,plans/extended/S19_r0.json
extended,S20,0,True,0,,Hash Join,,,30,3000,1,3000,100.0,100.0,True,False,5551.12,46.531,,,(o.customer_id = c.id),,plans/extended/S20_r0.json
extended,S20,0,True,0.0,0,Seq Scan,cross_orders,o,3000,3000,1,3000,1.0,1.0,True,False,5372.0,44.41,(o.zipcode = 'Z00'::text),,,,plans/extended/S20_r0.json
extended,S20,0,True,0.1,0,Hash,,,100,100,1,100,1.0,1.0,True,False,170.0,1.209,,,,,plans/extended/S20_r0.json
extended,S20,0,True,0.1.0,0.1,Seq Scan,cross_customers,c,100,100,1,100,1.0,1.0,True,False,170.0,1.176,(c.city = 'C00'::text),,,,plans/extended/S20_r0.json
extended,S17,0,True,0,,Seq Scan,corr_dependent,corr_dependent,1,0,1,0,,1.0,True,True,6122.0,31.978,((corr_dependent.city = 'C00'::text) AND (corr_dependent.zipcode = 'Z01'::text)),,,,plans/extended/S17_r0.json
extended,S14,0,True,0,,Seq Scan,corr_dependent,corr_dependent,3000,3000,1,3000,1.0,1.0,True,False,5372.0,28.383,(corr_dependent.city = 'C00'::text),,,,plans/extended/S14_r0.json
extended,S18,0,True,0,,Seq Scan,corr_skewed,corr_skewed,150000,150000,1,150000,1.0,1.0,True,False,6122.0,43.404,((corr_skewed.city = 'C00'::text) AND (corr_skewed.zipcode = 'Z00'::text)),,,,plans/extended/S18_r0.json
extended,S15,0,True,0,,Seq Scan,corr_independent,corr_independent,30,30,1,30,1.0,1.0,True,False,6122.0,26.693,((corr_independent.city = 'C00'::text) AND (corr_independent.zipcode = 'Z00'::text)),,,,plans/extended/S15_r0.json
extended,S18,1,False,0,,Seq Scan,corr_skewed,corr_skewed,150000,150000,1,150000,1.0,1.0,True,False,6122.0,41.11,((corr_skewed.city = 'C00'::text) AND (corr_skewed.zipcode = 'Z00'::text)),,,,plans/extended/S18_r1.json
extended,S19,1,False,0,,Seq Scan,corr_skewed,corr_skewed,1515,1515,1,1515,1.0,1.0,True,False,6122.0,28.437,((corr_skewed.city = 'C42'::text) AND (corr_skewed.zipcode = 'Z42'::text)),,,,plans/extended/S19_r1.json
extended,S16,1,False,0,,Seq Scan,corr_dependent,corr_dependent,3000,3000,1,3000,1.0,1.0,True,False,6122.0,33.834,((corr_dependent.city = 'C00'::text) AND (corr_dependent.zipcode = 'Z00'::text)),,,,plans/extended/S16_r1.json
extended,S14,1,False,0,,Seq Scan,corr_dependent,corr_dependent,3000,3000,1,3000,1.0,1.0,True,False,5372.0,43.512,(corr_dependent.city = 'C00'::text),,,,plans/extended/S14_r1.json
extended,S15,1,False,0,,Seq Scan,corr_independent,corr_independent,30,30,1,30,1.0,1.0,True,False,6122.0,29.837,((corr_independent.city = 'C00'::text) AND (corr_independent.zipcode = 'Z00'::text)),,,,plans/extended/S15_r1.json
extended,S20,1,False,0,,Hash Join,,,30,3000,1,3000,100.0,100.0,True,False,5551.12,43.69,,,(o.customer_id = c.id),,plans/extended/S20_r1.json
extended,S20,1,False,0.0,0,Seq Scan,cross_orders,o,3000,3000,1,3000,1.0,1.0,True,False,5372.0,41.464,(o.zipcode = 'Z00'::text),,,,plans/extended/S20_r1.json
extended,S20,1,False,0.1,0,Hash,,,100,100,1,100,1.0,1.0,True,False,170.0,1.262,,,,,plans/extended/S20_r1.json
extended,S20,1,False,0.1.0,0.1,Seq Scan,cross_customers,c,100,100,1,100,1.0,1.0,True,False,170.0,1.232,(c.city = 'C00'::text),,,,plans/extended/S20_r1.json
extended,S17,1,False,0,,Seq Scan,corr_dependent,corr_dependent,1,0,1,0,,1.0,True,True,6122.0,27.535,((corr_dependent.city = 'C00'::text) AND (corr_dependent.zipcode = 'Z01'::text)),,,,plans/extended/S17_r1.json
extended,S13,1,False,0,,Seq Scan,corr_independent,corr_independent,3000,3000,1,3000,1.0,1.0,True,False,5372.0,27.283,(corr_independent.city = 'C00'::text),,,,plans/extended/S13_r1.json
extended,S14,2,False,0,,Seq Scan,corr_dependent,corr_dependent,3000,3000,1,3000,1.0,1.0,True,False,5372.0,28.801,(corr_dependent.city = 'C00'::text),,,,plans/extended/S14_r2.json
extended,S19,2,False,0,,Seq Scan,corr_skewed,corr_skewed,1515,1515,1,1515,1.0,1.0,True,False,6122.0,24.014,((corr_skewed.city = 'C42'::text) AND (corr_skewed.zipcode = 'Z42'::text)),,,,plans/extended/S19_r2.json
extended,S17,2,False,0,,Seq Scan,corr_dependent,corr_dependent,1,0,1,0,,1.0,True,True,6122.0,28.351,((corr_dependent.city = 'C00'::text) AND (corr_dependent.zipcode = 'Z01'::text)),,,,plans/extended/S17_r2.json
extended,S18,2,False,0,,Seq Scan,corr_skewed,corr_skewed,150000,150000,1,150000,1.0,1.0,True,False,6122.0,37.2,((corr_skewed.city = 'C00'::text) AND (corr_skewed.zipcode = 'Z00'::text)),,,,plans/extended/S18_r2.json
extended,S16,2,False,0,,Seq Scan,corr_dependent,corr_dependent,3000,3000,1,3000,1.0,1.0,True,False,6122.0,29.161,((corr_dependent.city = 'C00'::text) AND (corr_dependent.zipcode = 'Z00'::text)),,,,plans/extended/S16_r2.json
extended,S20,2,False,0,,Hash Join,,,30,3000,1,3000,100.0,100.0,True,False,5551.12,37.873,,,(o.customer_id = c.id),,plans/extended/S20_r2.json
extended,S20,2,False,0.0,0,Seq Scan,cross_orders,o,3000,3000,1,3000,1.0,1.0,True,False,5372.0,35.599,(o.zipcode = 'Z00'::text),,,,plans/extended/S20_r2.json
extended,S20,2,False,0.1,0,Hash,,,100,100,1,100,1.0,1.0,True,False,170.0,1.243,,,,,plans/extended/S20_r2.json
extended,S20,2,False,0.1.0,0.1,Seq Scan,cross_customers,c,100,100,1,100,1.0,1.0,True,False,170.0,1.212,(c.city = 'C00'::text),,,,plans/extended/S20_r2.json
extended,S13,2,False,0,,Seq Scan,corr_independent,corr_independent,3000,3000,1,3000,1.0,1.0,True,False,5372.0,31.192,(corr_independent.city = 'C00'::text),,,,plans/extended/S13_r2.json
extended,S15,2,False,0,,Seq Scan,corr_independent,corr_independent,30,30,1,30,1.0,1.0,True,False,6122.0,28.854,((corr_independent.city = 'C00'::text) AND (corr_independent.zipcode = 'Z00'::text)),,,,plans/extended/S15_r2.json
extended,S19,3,False,0,,Seq Scan,corr_skewed,corr_skewed,1515,1515,1,1515,1.0,1.0,True,False,6122.0,25.538,((corr_skewed.city = 'C42'::text) AND (corr_skewed.zipcode = 'Z42'::text)),,,,plans/extended/S19_r3.json
extended,S18,3,False,0,,Seq Scan,corr_skewed,corr_skewed,150000,150000,1,150000,1.0,1.0,True,False,6122.0,43.514,((corr_skewed.city = 'C00'::text) AND (corr_skewed.zipcode = 'Z00'::text)),,,,plans/extended/S18_r3.json
extended,S13,3,False,0,,Seq Scan,corr_independent,corr_independent,3000,3000,1,3000,1.0,1.0,True,False,5372.0,27.301,(corr_independent.city = 'C00'::text),,,,plans/extended/S13_r3.json
extended,S14,3,False,0,,Seq Scan,corr_dependent,corr_dependent,3000,3000,1,3000,1.0,1.0,True,False,5372.0,26.643,(corr_dependent.city = 'C00'::text),,,,plans/extended/S14_r3.json
extended,S16,3,False,0,,Seq Scan,corr_dependent,corr_dependent,3000,3000,1,3000,1.0,1.0,True,False,6122.0,30.821,((corr_dependent.city = 'C00'::text) AND (corr_dependent.zipcode = 'Z00'::text)),,,,plans/extended/S16_r3.json
extended,S15,3,False,0,,Seq Scan,corr_independent,corr_independent,30,30,1,30,1.0,1.0,True,False,6122.0,27.483,((corr_independent.city = 'C00'::text) AND (corr_independent.zipcode = 'Z00'::text)),,,,plans/extended/S15_r3.json
extended,S20,3,False,0,,Hash Join,,,30,3000,1,3000,100.0,100.0,True,False,5551.12,41.895,,,(o.customer_id = c.id),,plans/extended/S20_r3.json
extended,S20,3,False,0.0,0,Seq Scan,cross_orders,o,3000,3000,1,3000,1.0,1.0,True,False,5372.0,39.488,(o.zipcode = 'Z00'::text),,,,plans/extended/S20_r3.json
extended,S20,3,False,0.1,0,Hash,,,100,100,1,100,1.0,1.0,True,False,170.0,1.433,,,,,plans/extended/S20_r3.json
extended,S20,3,False,0.1.0,0.1,Seq Scan,cross_customers,c,100,100,1,100,1.0,1.0,True,False,170.0,1.396,(c.city = 'C00'::text),,,,plans/extended/S20_r3.json
extended,S17,3,False,0,,Seq Scan,corr_dependent,corr_dependent,1,0,1,0,,1.0,True,True,6122.0,33.272,((corr_dependent.city = 'C00'::text) AND (corr_dependent.zipcode = 'Z01'::text)),,,,plans/extended/S17_r3.json
