phase,group,n_queries,n_positive,n_zero,q_error_p50,q_error_p90,q_error_p99,q_error_max
baseline,independent,2,2,0,1.0,1.0,1.0,1.0
baseline,correlated,3,2,1,50.5,90.1,99.01,100.0
baseline,skew,2,2,0,95.6875,170.6375,187.50125,189.375
baseline,cross_table,1,1,0,100.0,100.0,100.0,100.0
baseline,single,5,5,0,1.011306827713471,1.0254643607698761,1.032638782961607,1.0334359409829106
baseline,simple_join,3,3,0,1.0198255326287535,1.0200223690725487,1.0200666572724026,1.0200715781834975
baseline,multi_join,4,4,0,1.0718598829318613,7.559382494171588,10.045764259443697,10.32202890002949
reanalyze_control,independent,2,2,0,1.0,1.0,1.0,1.0
reanalyze_control,correlated,3,2,1,50.5,90.1,99.01,100.0
reanalyze_control,skew,2,2,0,95.6875,170.6375,187.50125,189.375
reanalyze_control,cross_table,1,1,0,100.0,100.0,100.0,100.0
extended,independent,2,2,0,1.0,1.0,1.0,1.0
extended,correlated,3,2,1,1.0,1.0,1.0,1.0
extended,skew,2,2,0,1.0,1.0,1.0,1.0
extended,cross_table,1,1,0,100.0,100.0,100.0,100.0
