phase,query_id,title,group,source,plan_rows,actual_rows,q_error,q_error_safe,zero_actual,total_cost,root_node_type,execution_time_ms_median,execution_time_ms_min,execution_time_ms_max,planning_time_ms_median,planning_time_ms_min,planning_time_ms_max,actual_total_time_ms_median,actual_total_time_ms_min,actual_total_time_ms_max,measured_repeats,representative_plan
baseline,S13,独立数据：单列城市过滤,independent,synthetic,3000,3000,1.0,1.0,False,5372.0,Seq Scan,12.206,11.661,12.677,0.143,0.139,0.168,12.129,11.582,12.598,3,plans/baseline/S13_r1.json
baseline,S14,相关数据：单列城市过滤,correlated,synthetic,3000,3000,1.0,1.0,False,5372.0,Seq Scan,12.524,11.629,14.212,0.147,0.145,0.199,12.442,11.555,14.117,3,plans/baseline/S14_r1.json
baseline,S15,独立数据：城市与邮编联合过滤,independent,synthetic,30,30,1.0,1.0,False,6122.0,Seq Scan,14.596,12.904,14.832,0.199,0.175,0.211,14.572,12.886,14.811,3,plans/baseline/S15_r1.json
baseline,S16,强相关：城市与邮编匹配组合,correlated,synthetic,30,3000,100.0,100.0,False,6122.0,Seq Scan,10.585,10.407,12.154,0.147,0.143,0.147,10.489,10.323,12.077,3,plans/baseline/S16_r1.json
baseline,S17,负对照：不存在的城市邮编组合,correlated,synthetic,30,0,,30.0,True,6122.0,Seq Scan,12.512,10.189,13.452,0.192,0.156,0.201,12.496,10.173,13.431,3,plans/baseline/S17_r1.json
baseline,S18,倾斜相关：热门城市与邮编,skew,synthetic,75000,150000,2.0,2.0,False,6122.0,Seq Scan,19.043,18.147,22.689,0.158,0.125,0.176,16.26,15.222,18.991,3,plans/baseline/S18_r1.json
baseline,S19,倾斜相关：稀有城市与邮编,skew,synthetic,8,1515,189.375,189.375,False,6122.0,Seq Scan,13.019,12.81,13.147,0.172,0.149,0.174,12.961,12.762,13.099,3,plans/baseline/S19_r1.json
baseline,S20,跨表相关：客户城市与订单邮编,cross_table,synthetic,30,3000,100.0,100.0,False,5551.12,Hash Join,13.219,10.845,16.619,0.471,0.404,0.527,13.136,10.756,16.521,3,plans/baseline/S20_r1.json
baseline,T01,单表：订单状态常见值,single,tpch,731600,729413,1.0029983013738444,1.0029983013738444,False,45462.0,Seq Scan,102.519,101.956,104.906,0.177,0.175,0.199,87.885,87.489,89.872,3,plans/baseline/T01_r1.json
baseline,T02,单表：订单日期窄范围,single,tpch,20654,19472,1.0607025472473295,1.0607025472473295,False,49212.0,Seq Scan,73.303,71.386,73.491,0.143,0.141,0.178,72.802,70.901,72.991,3,plans/baseline/T02_r1.json
baseline,T03,单表：明细发货日期范围,single,tpch,907803,909455,1.0018197780796054,1.0018197780796054,False,200634.11,Seq Scan,376.313,354.266,384.052,0.168,0.148,0.18,357.29,336.943,364.861,3,plans/baseline/T03_r1.json
baseline,T04,单表：品牌与尺寸双条件,single,tpch,1552,1620,1.0438144329896908,1.0438144329896908,False,7364.0,Seq Scan,16.573,16.304,17.652,0.266,0.155,0.293,16.518,16.216,17.591,3,plans/baseline/T04_r1.json
baseline,T05,单表：客户市场类别,single,tpch,30095,30142,1.001561721216149,1.001561721216149,False,5547.0,Seq Scan,15.392,10.272,15.406,0.146,0.137,0.191,14.782,9.688,14.824,3,plans/baseline/T05_r1.json
baseline,T06,两表：客户类别向订单传播,simple_join,tpch,300950,303959,1.0099983385944509,1.0099983385944509,False,51572.8,Hash Join,187.244,185.074,202.569,0.39,0.371,0.429,181.164,179.252,196.128,3,plans/baseline/T06_r1.json
baseline,T07,两表：订单日期与明细折扣,simple_join,tpch,64271,61850,1.0391430881164108,1.0391430881164108,False,254903.53,Hash Join,702.2,690.653,731.793,0.498,0.462,0.544,700.663,689.086,730.12,3,plans/baseline/T07_r1.json
baseline,T08,两表：供应商与国家维表,simple_join,tpch,400,396,1.0101010101010102,1.0101010101010102,False,351.02,Hash Join,1.391,1.283,1.506,0.373,0.332,0.439,1.365,1.254,1.475,3,plans/baseline/T08_r1.json
baseline,T09,三表：客户订单明细及日期条件,multi_join,tpch,316503,30519,10.370687112946033,10.370687112946033,False,256097.78,Hash Join,699.345,697.031,707.655,0.548,0.449,0.693,698.419,696.12,706.729,3,plans/baseline/T09_r1.json
baseline,T10,四表：零件供应商与国家,multi_join,tpch,105,118,1.1238095238095238,1.1238095238095238,False,9984.28,Hash Join,21.342,20.424,26.022,0.616,0.581,0.623,21.3,20.375,25.98,3,plans/baseline/T10_r1.json
baseline,T11,五表：地域到订单明细的链式连接,multi_join,tpch,182589,184082,1.0081768343109387,1.0081768343109387,False,110921.9,Nested Loop,376.316,363.256,397.346,0.701,0.689,0.996,372.097,359.257,393.023,3,plans/baseline/T11_r1.json
baseline,T12,六表：增加客户与供应商同国约束,multi_join,tpch,7304,7243,1.0084219246168715,1.0084219246168715,False,200797.48,Hash Join,573.589,542.341,611.245,1.101,1.1,1.257,573.182,541.925,610.821,3,plans/baseline/T12_r1.json
reanalyze_control,S13,独立数据：单列城市过滤,independent,synthetic,3000,3000,1.0,1.0,False,5372.0,Seq Scan,9.498,9.383,10.586,0.164,0.158,0.185,9.414,9.295,10.491,3,plans/reanalyze_control/S13_r1.json
reanalyze_control,S14,相关数据：单列城市过滤,correlated,synthetic,3000,3000,1.0,1.0,False,5372.0,Seq Scan,9.243,8.86,9.709,0.159,0.157,0.206,9.161,8.783,9.626,3,plans/reanalyze_control/S14_r1.json
reanalyze_control,S15,独立数据：城市与邮编联合过滤,independent,synthetic,30,30,1.0,1.0,False,6122.0,Seq Scan,10.254,9.376,10.636,0.168,0.156,0.217,10.237,9.36,10.617,3,plans/reanalyze_control/S15_r1.json
reanalyze_control,S16,强相关：城市与邮编匹配组合,correlated,synthetic,30,3000,100.0,100.0,False,6122.0,Seq Scan,9.813,9.634,15.067,0.169,0.158,0.18,9.733,9.554,14.95,3,plans/reanalyze_control/S16_r1.json
reanalyze_control,S17,负对照：不存在的城市邮编组合,correlated,synthetic,30,0,,30.0,True,6122.0,Seq Scan,9.86,9.822,10.099,0.166,0.159,0.166,9.844,9.807,10.083,3,plans/reanalyze_control/S17_r1.json
reanalyze_control,S18,倾斜相关：热门城市与邮编,skew,synthetic,75000,150000,2.0,2.0,False,6122.0,Seq Scan,16.323,16.127,20.196,0.153,0.142,0.174,13.587,13.403,16.768,3,plans/reanalyze_control/S18_r1.json
reanalyze_control,S19,倾斜相关：稀有城市与邮编,skew,synthetic,8,1515,189.375,189.375,False,6122.0,Seq Scan,9.399,9.365,9.965,0.151,0.15,0.166,9.349,9.319,9.916,3,plans/reanalyze_control/S19_r1.json
reanalyze_control,S20,跨表相关：客户城市与订单邮编,cross_table,synthetic,30,3000,100.0,100.0,False,5551.12,Hash Join,11.666,10.969,13.192,0.422,0.411,0.462,11.569,10.88,13.085,3,plans/reanalyze_control/S20_r1.json
extended,S13,独立数据：单列城市过滤,independent,synthetic,3000,3000,1.0,1.0,False,5372.0,Seq Scan,9.007,8.983,10.811,0.242,0.214,0.279,8.928,8.901,10.712,3,plans/extended/S13_r1.json
extended,S14,相关数据：单列城市过滤,correlated,synthetic,3000,3000,1.0,1.0,False,5372.0,Seq Scan,9.42,9.297,10.896,0.192,0.175,0.202,9.334,9.208,10.788,3,plans/extended/S14_r1.json
extended,S15,独立数据：城市与邮编联合过滤,independent,synthetic,30,30,1.0,1.0,False,6122.0,Seq Scan,11.898,9.687,12.246,0.275,0.265,0.286,11.878,9.668,12.224,3,plans/extended/S15_r1.json
extended,S16,强相关：城市与邮编匹配组合,correlated,synthetic,3000,3000,1.0,1.0,False,6122.0,Seq Scan,9.792,9.61,9.843,0.205,0.199,0.227,9.709,9.528,9.761,3,plans/extended/S16_r1.json
extended,S17,负对照：不存在的城市邮编组合,correlated,synthetic,1,0,,1.0,True,6122.0,Seq Scan,12.613,10.587,17.332,0.23,0.204,0.278,12.591,10.562,17.311,3,plans/extended/S17_r1.json
extended,S18,倾斜相关：热门城市与邮编,skew,synthetic,150000,150000,1.0,1.0,False,6122.0,Seq Scan,17.716,16.99,18.588,0.202,0.198,0.206,14.786,14.028,15.369,3,plans/extended/S18_r1.json
extended,S19,倾斜相关：稀有城市与邮编,skew,synthetic,1515,1515,1.0,1.0,False,6122.0,Seq Scan,9.559,9.416,12.487,0.193,0.192,0.207,9.509,9.366,12.412,3,plans/extended/S19_r1.json
extended,S20,跨表相关：客户城市与订单邮编,cross_table,synthetic,30,3000,100.0,100.0,False,5551.12,Hash Join,11.456,11.26,13.683,0.503,0.492,0.511,11.366,11.174,13.573,3,plans/extended/S20_r1.json
