phase,query_id,title,group,source,repeat,is_warmup,plan_rows,actual_rows,actual_loops,q_error,q_error_safe,zero_actual,total_cost,actual_total_time_ms,execution_time_ms,planning_time_ms,root_node_type,sql_sha256,plan_file
baseline,T04,单表：品牌与尺寸双条件,single,tpch,0,True,1552,1620,1,1.0438144329896908,1.0438144329896908,False,7364.0,8.616,8.682,0.138,Seq Scan,1c135795402a5fd8e1ec4586f319ddff7a27c5bae900beaa7942e46a2c56ad91,plans/baseline/T04_r0.json
baseline,S16,强相关：城市与邮编匹配组合,correlated,synthetic,0,True,30,3000,1,100.0,100.0,False,6122.0,9.356,9.433,0.18,Seq Scan,9f7be606fc860a961b91601e61468d42cb86b3dfb9c8e96b278a084cccde18aa,plans/baseline/S16_r0.json
baseline,T01,单表：订单状态常见值,single,tpch,0,True,731600,729413,1,1.0029983013738444,1.0029983013738444,False,45462.0,82.851,97.009,0.132,Seq Scan,d79ae4459e6323bc574136183557ab07d5adf00852aed976110c37c7fd1d0e6c,plans/baseline/T01_r0.json
baseline,T03,单表：明细发货日期范围,single,tpch,0,True,907803,909455,1,1.0018197780796054,1.0018197780796054,False,200634.11,337.617,355.506,0.148,Seq Scan,6d4e862b35e0398bde31f4b9ca74f79301e38999294018562ab959816ef15ca3,plans/baseline/T03_r0.json
baseline,T07,两表：订单日期与明细折扣,simple_join,tpch,0,True,64271,61850,1,1.0391430881164108,1.0391430881164108,False,254903.53,690.838,692.4,0.418,Hash Join,2528d45d95fb43dc28da64e0020107ce842260ebdd2e280cd5173c45653bb544,plans/baseline/T07_r0.json
baseline,T10,四表：零件供应商与国家,multi_join,tpch,0,True,105,118,1,1.1238095238095238,1.1238095238095238,False,9984.28,17.954,17.997,0.578,Hash Join,83571f84ccd822fce7367eb74bf0558b0d56b44da2df57b41003cbdcfe7f2f2e,plans/baseline/T10_r0.json
baseline,T09,三表：客户订单明细及日期条件,multi_join,tpch,0,True,316503,30519,1,10.370687112946033,10.370687112946033,False,256097.78,663.73,664.591,0.451,Hash Join,fe178bfa1342452c478df8b42eadd4fadb4ffa290987766bd50610a59cc49056,plans/baseline/T09_r0.json
baseline,S15,独立数据：城市与邮编联合过滤,independent,synthetic,0,True,30,30,1,1.0,1.0,False,6122.0,9.279,9.329,0.131,Seq Scan,87c37d8c1882a2971bd5ecede9f8d5ef06f865e19af0a1251e07e643e2ccec01,plans/baseline/S15_r0.json
baseline,S19,倾斜相关：稀有城市与邮编,skew,synthetic,0,True,8,1515,1,189.375,189.375,False,6122.0,9.134,9.179,0.159,Seq Scan,e16ea3c969f55cb575ecb358a9aaba21ea753a2d43328dc7325bace94bdf0fcd,plans/baseline/S19_r0.json
baseline,S14,相关数据：单列城市过滤,correlated,synthetic,0,True,3000,3000,1,1.0,1.0,False,5372.0,8.287,8.368,0.135,Seq Scan,44a2a7ad0841cbcb55e0bb81ad48ff6c30548ee94b52534eb526752a282a924d,plans/baseline/S14_r0.json
baseline,T08,两表：供应商与国家维表,simple_join,tpch,0,True,400,396,1,1.0101010101010102,1.0101010101010102,False,351.02,0.802,0.826,0.277,Hash Join,52962cbe9a7be91c6c7557192b800a3f259943384c8a3557ffc5199c2636da4c,plans/baseline/T08_r0.json
baseline,T11,五表：地域到订单明细的链式连接,multi_join,tpch,0,True,182589,184082,1,1.0081768343109387,1.0081768343109387,False,110921.9,479.512,483.691,0.644,Nested Loop,7d82fa94e55bcef2dd8961508135c5e7fbe52a7a27f9d0c04c7ee2f4aa76ca0a,plans/baseline/T11_r0.json
baseline,T02,单表：订单日期窄范围,single,tpch,0,True,20654,19472,1,1.0607025472473295,1.0607025472473295,False,49212.0,68.304,68.764,0.221,Seq Scan,933c7373393e689ed2a58d88f657fd09fefb358b00c9897b9f0e71cb857c3ab3,plans/baseline/T02_r0.json
baseline,S20,跨表相关：客户城市与订单邮编,cross_table,synthetic,0,True,30,3000,1,100.0,100.0,False,5551.12,13.001,13.081,0.567,Hash Join,87c1b3b0108588bfe933b9975c873071cb4a57866066f833a2e552713e6a8c46,plans/baseline/S20_r0.json
baseline,S17,负对照：不存在的城市邮编组合,correlated,synthetic,0,True,30,0,1,,30.0,True,6122.0,12.644,12.661,0.182,Seq Scan,6099961f84d2c3168232003f523a2c065a276ae49b2a566541a37cf066e8ad50,plans/baseline/S17_r0.json
baseline,S13,独立数据：单列城市过滤,independent,synthetic,0,True,3000,3000,1,1.0,1.0,False,5372.0,11.854,11.931,0.16,Seq Scan,721cac833c89ea12b469f3f6aa4010a075c810438799dad34b0c8c05f760a7e5,plans/baseline/S13_r0.json
baseline,T12,六表：增加客户与供应商同国约束,multi_join,tpch,0,True,7304,7243,1,1.0084219246168715,1.0084219246168715,False,200797.48,569.704,570.102,1.12,Hash Join,89d563cb3e62e17f2aa51818425825de6b63abe8601848a20a40180111764942,plans/baseline/T12_r0.json
baseline,S18,倾斜相关：热门城市与邮编,skew,synthetic,0,True,75000,150000,1,2.0,2.0,False,6122.0,16.569,19.312,0.209,Seq Scan,4f1108a83af10d8fc5ea5ebfaaed7be497138647c43448a281861edd6d1b01ce,plans/baseline/S18_r0.json
baseline,T05,单表：客户市场类别,single,tpch,0,True,30095,30142,1,1.001561721216149,1.001561721216149,False,5547.0,13.694,14.283,0.145,Seq Scan,1d8199e43eef8f9aa065c5e1db274e89ae63c66116d8b97820cbda6b9475cac6,plans/baseline/T05_r0.json
baseline,T06,两表：客户类别向订单传播,simple_join,tpch,0,True,300950,303959,1,1.0099983385944509,1.0099983385944509,False,51572.8,177.633,183.632,0.402,Hash Join,7bcd048123e56fb85a8a0c00dddaeb29bf41b62c4b3649eed5d38ff89160c955,plans/baseline/T06_r0.json
baseline,S13,独立数据：单列城市过滤,independent,synthetic,1,False,3000,3000,1,1.0,1.0,False,5372.0,12.598,12.677,0.143,Seq Scan,721cac833c89ea12b469f3f6aa4010a075c810438799dad34b0c8c05f760a7e5,plans/baseline/S13_r1.json
baseline,T03,单表：明细发货日期范围,single,tpch,1,False,907803,909455,1,1.0018197780796054,1.0018197780796054,False,200634.11,336.943,354.266,0.18,Seq Scan,6d4e862b35e0398bde31f4b9ca74f79301e38999294018562ab959816ef15ca3,plans/baseline/T03_r1.json
baseline,S18,倾斜相关：热门城市与邮编,skew,synthetic,1,False,75000,150000,1,2.0,2.0,False,6122.0,15.222,18.147,0.125,Seq Scan,4f1108a83af10d8fc5ea5ebfaaed7be497138647c43448a281861edd6d1b01ce,plans/baseline/S18_r1.json
baseline,T12,六表：增加客户与供应商同国约束,multi_join,tpch,1,False,7304,7243,1,1.0084219246168715,1.0084219246168715,False,200797.48,610.821,611.245,1.1,Hash Join,89d563cb3e62e17f2aa51818425825de6b63abe8601848a20a40180111764942,plans/baseline/T12_r1.json
baseline,T04,单表：品牌与尺寸双条件,single,tpch,1,False,1552,1620,1,1.0438144329896908,1.0438144329896908,False,7364.0,17.591,17.652,0.266,Seq Scan,1c135795402a5fd8e1ec4586f319ddff7a27c5bae900beaa7942e46a2c56ad91,plans/baseline/T04_r1.json
baseline,T06,两表：客户类别向订单传播,simple_join,tpch,1,False,300950,303959,1,1.0099983385944509,1.0099983385944509,False,51572.8,196.128,202.569,0.429,Hash Join,7bcd048123e56fb85a8a0c00dddaeb29bf41b62c4b3649eed5d38ff89160c955,plans/baseline/T06_r1.json
baseline,T08,两表：供应商与国家维表,simple_join,tpch,1,False,400,396,1,1.0101010101010102,1.0101010101010102,False,351.02,1.365,1.391,0.332,Hash Join,52962cbe9a7be91c6c7557192b800a3f259943384c8a3557ffc5199c2636da4c,plans/baseline/T08_r1.json
baseline,S19,倾斜相关：稀有城市与邮编,skew,synthetic,1,False,8,1515,1,189.375,189.375,False,6122.0,12.961,13.019,0.172,Seq Scan,e16ea3c969f55cb575ecb358a9aaba21ea753a2d43328dc7325bace94bdf0fcd,plans/baseline/S19_r1.json
baseline,S15,独立数据：城市与邮编联合过滤,independent,synthetic,1,False,30,30,1,1.0,1.0,False,6122.0,14.811,14.832,0.175,Seq Scan,87c37d8c1882a2971bd5ecede9f8d5ef06f865e19af0a1251e07e643e2ccec01,plans/baseline/S15_r1.json
baseline,S14,相关数据：单列城市过滤,correlated,synthetic,1,False,3000,3000,1,1.0,1.0,False,5372.0,12.442,12.524,0.145,Seq Scan,44a2a7ad0841cbcb55e0bb81ad48ff6c30548ee94b52534eb526752a282a924d,plans/baseline/S14_r1.json
baseline,T07,两表：订单日期与明细折扣,simple_join,tpch,1,False,64271,61850,1,1.0391430881164108,1.0391430881164108,False,254903.53,689.086,690.653,0.498,Hash Join,2528d45d95fb43dc28da64e0020107ce842260ebdd2e280cd5173c45653bb544,plans/baseline/T07_r1.json
baseline,T10,四表：零件供应商与国家,multi_join,tpch,1,False,105,118,1,1.1238095238095238,1.1238095238095238,False,9984.28,20.375,20.424,0.581,Hash Join,83571f84ccd822fce7367eb74bf0558b0d56b44da2df57b41003cbdcfe7f2f2e,plans/baseline/T10_r1.json
baseline,T02,单表：订单日期窄范围,single,tpch,1,False,20654,19472,1,1.0607025472473295,1.0607025472473295,False,49212.0,70.901,71.386,0.143,Seq Scan,933c7373393e689ed2a58d88f657fd09fefb358b00c9897b9f0e71cb857c3ab3,plans/baseline/T02_r1.json
baseline,T09,三表：客户订单明细及日期条件,multi_join,tpch,1,False,316503,30519,1,10.370687112946033,10.370687112946033,False,256097.78,698.419,699.345,0.449,Hash Join,fe178bfa1342452c478df8b42eadd4fadb4ffa290987766bd50610a59cc49056,plans/baseline/T09_r1.json
baseline,S17,负对照：不存在的城市邮编组合,correlated,synthetic,1,False,30,0,1,,30.0,True,6122.0,10.173,10.189,0.192,Seq Scan,6099961f84d2c3168232003f523a2c065a276ae49b2a566541a37cf066e8ad50,plans/baseline/S17_r1.json
baseline,S16,强相关：城市与邮编匹配组合,correlated,synthetic,1,False,30,3000,1,100.0,100.0,False,6122.0,10.489,10.585,0.147,Seq Scan,9f7be606fc860a961b91601e61468d42cb86b3dfb9c8e96b278a084cccde18aa,plans/baseline/S16_r1.json
baseline,T05,单表：客户市场类别,single,tpch,1,False,30095,30142,1,1.001561721216149,1.001561721216149,False,5547.0,9.688,10.272,0.137,Seq Scan,1d8199e43eef8f9aa065c5e1db274e89ae63c66116d8b97820cbda6b9475cac6,plans/baseline/T05_r1.json
baseline,T11,五表：地域到订单明细的链式连接,multi_join,tpch,1,False,182589,184082,1,1.0081768343109387,1.0081768343109387,False,110921.9,359.257,363.256,0.689,Nested Loop,7d82fa94e55bcef2dd8961508135c5e7fbe52a7a27f9d0c04c7ee2f4aa76ca0a,plans/baseline/T11_r1.json
baseline,S20,跨表相关：客户城市与订单邮编,cross_table,synthetic,1,False,30,3000,1,100.0,100.0,False,5551.12,16.521,16.619,0.527,Hash Join,87c1b3b0108588bfe933b9975c873071cb4a57866066f833a2e552713e6a8c46,plans/baseline/S20_r1.json
baseline,T01,单表：订单状态常见值,single,tpch,1,False,731600,729413,1,1.0029983013738444,1.0029983013738444,False,45462.0,89.872,104.906,0.199,Seq Scan,d79ae4459e6323bc574136183557ab07d5adf00852aed976110c37c7fd1d0e6c,plans/baseline/T01_r1.json
baseline,T07,两表：订单日期与明细折扣,simple_join,tpch,2,False,64271,61850,1,1.0391430881164108,1.0391430881164108,False,254903.53,700.663,702.2,0.544,Hash Join,2528d45d95fb43dc28da64e0020107ce842260ebdd2e280cd5173c45653bb544,plans/baseline/T07_r2.json
baseline,S20,跨表相关：客户城市与订单邮编,cross_table,synthetic,2,False,30,3000,1,100.0,100.0,False,5551.12,10.756,10.845,0.404,Hash Join,87c1b3b0108588bfe933b9975c873071cb4a57866066f833a2e552713e6a8c46,plans/baseline/S20_r2.json
baseline,T01,单表：订单状态常见值,single,tpch,2,False,731600,729413,1,1.0029983013738444,1.0029983013738444,False,45462.0,87.885,102.519,0.175,Seq Scan,d79ae4459e6323bc574136183557ab07d5adf00852aed976110c37c7fd1d0e6c,plans/baseline/T01_r2.json
baseline,S19,倾斜相关：稀有城市与邮编,skew,synthetic,2,False,8,1515,1,189.375,189.375,False,6122.0,13.099,13.147,0.174,Seq Scan,e16ea3c969f55cb575ecb358a9aaba21ea753a2d43328dc7325bace94bdf0fcd,plans/baseline/S19_r2.json
baseline,S15,独立数据：城市与邮编联合过滤,independent,synthetic,2,False,30,30,1,1.0,1.0,False,6122.0,14.572,14.596,0.199,Seq Scan,87c37d8c1882a2971bd5ecede9f8d5ef06f865e19af0a1251e07e643e2ccec01,plans/baseline/S15_r2.json
baseline,T05,单表：客户市场类别,single,tpch,2,False,30095,30142,1,1.001561721216149,1.001561721216149,False,5547.0,14.782,15.406,0.191,Seq Scan,1d8199e43eef8f9aa065c5e1db274e89ae63c66116d8b97820cbda6b9475cac6,plans/baseline/T05_r2.json
baseline,S14,相关数据：单列城市过滤,correlated,synthetic,2,False,3000,3000,1,1.0,1.0,False,5372.0,14.117,14.212,0.199,Seq Scan,44a2a7ad0841cbcb55e0bb81ad48ff6c30548ee94b52534eb526752a282a924d,plans/baseline/S14_r2.json
baseline,S18,倾斜相关：热门城市与邮编,skew,synthetic,2,False,75000,150000,1,2.0,2.0,False,6122.0,18.991,22.689,0.176,Seq Scan,4f1108a83af10d8fc5ea5ebfaaed7be497138647c43448a281861edd6d1b01ce,plans/baseline/S18_r2.json
baseline,T08,两表：供应商与国家维表,simple_join,tpch,2,False,400,396,1,1.0101010101010102,1.0101010101010102,False,351.02,1.475,1.506,0.439,Hash Join,52962cbe9a7be91c6c7557192b800a3f259943384c8a3557ffc5199c2636da4c,plans/baseline/T08_r2.json
baseline,T03,单表：明细发货日期范围,single,tpch,2,False,907803,909455,1,1.0018197780796054,1.0018197780796054,False,200634.11,357.29,376.313,0.168,Seq Scan,6d4e862b35e0398bde31f4b9ca74f79301e38999294018562ab959816ef15ca3,plans/baseline/T03_r2.json
baseline,T11,五表：地域到订单明细的链式连接,multi_join,tpch,2,False,182589,184082,1,1.0081768343109387,1.0081768343109387,False,110921.9,372.097,376.316,0.996,Nested Loop,7d82fa94e55bcef2dd8961508135c5e7fbe52a7a27f9d0c04c7ee2f4aa76ca0a,plans/baseline/T11_r2.json
baseline,S17,负对照：不存在的城市邮编组合,correlated,synthetic,2,False,30,0,1,,30.0,True,6122.0,13.431,13.452,0.201,Seq Scan,6099961f84d2c3168232003f523a2c065a276ae49b2a566541a37cf066e8ad50,plans/baseline/S17_r2.json
baseline,T12,六表：增加客户与供应商同国约束,multi_join,tpch,2,False,7304,7243,1,1.0084219246168715,1.0084219246168715,False,200797.48,541.925,542.341,1.257,Hash Join,89d563cb3e62e17f2aa51818425825de6b63abe8601848a20a40180111764942,plans/baseline/T12_r2.json
baseline,T04,单表：品牌与尺寸双条件,single,tpch,2,False,1552,1620,1,1.0438144329896908,1.0438144329896908,False,7364.0,16.216,16.304,0.293,Seq Scan,1c135795402a5fd8e1ec4586f319ddff7a27c5bae900beaa7942e46a2c56ad91,plans/baseline/T04_r2.json
baseline,S16,强相关：城市与邮编匹配组合,correlated,synthetic,2,False,30,3000,1,100.0,100.0,False,6122.0,12.077,12.154,0.147,Seq Scan,9f7be606fc860a961b91601e61468d42cb86b3dfb9c8e96b278a084cccde18aa,plans/baseline/S16_r2.json
baseline,T09,三表：客户订单明细及日期条件,multi_join,tpch,2,False,316503,30519,1,10.370687112946033,10.370687112946033,False,256097.78,706.729,707.655,0.693,Hash Join,fe178bfa1342452c478df8b42eadd4fadb4ffa290987766bd50610a59cc49056,plans/baseline/T09_r2.json
baseline,S13,独立数据：单列城市过滤,independent,synthetic,2,False,3000,3000,1,1.0,1.0,False,5372.0,12.129,12.206,0.139,Seq Scan,721cac833c89ea12b469f3f6aa4010a075c810438799dad34b0c8c05f760a7e5,plans/baseline/S13_r2.json
baseline,T10,四表：零件供应商与国家,multi_join,tpch,2,False,105,118,1,1.1238095238095238,1.1238095238095238,False,9984.28,21.3,21.342,0.616,Hash Join,83571f84ccd822fce7367eb74bf0558b0d56b44da2df57b41003cbdcfe7f2f2e,plans/baseline/T10_r2.json
baseline,T02,单表：订单日期窄范围,single,tpch,2,False,20654,19472,1,1.0607025472473295,1.0607025472473295,False,49212.0,72.991,73.491,0.141,Seq Scan,933c7373393e689ed2a58d88f657fd09fefb358b00c9897b9f0e71cb857c3ab3,plans/baseline/T02_r2.json
baseline,T06,两表：客户类别向订单传播,simple_join,tpch,2,False,300950,303959,1,1.0099983385944509,1.0099983385944509,False,51572.8,181.164,187.244,0.371,Hash Join,7bcd048123e56fb85a8a0c00dddaeb29bf41b62c4b3649eed5d38ff89160c955,plans/baseline/T06_r2.json
baseline,S19,倾斜相关：稀有城市与邮编,skew,synthetic,3,False,8,1515,1,189.375,189.375,False,6122.0,12.762,12.81,0.149,Seq Scan,e16ea3c969f55cb575ecb358a9aaba21ea753a2d43328dc7325bace94bdf0fcd,plans/baseline/S19_r3.json
baseline,T03,单表：明细发货日期范围,single,tpch,3,False,907803,909455,1,1.0018197780796054,1.0018197780796054,False,200634.11,364.861,384.052,0.148,Seq Scan,6d4e862b35e0398bde31f4b9ca74f79301e38999294018562ab959816ef15ca3,plans/baseline/T03_r3.json
baseline,T12,六表：增加客户与供应商同国约束,multi_join,tpch,3,False,7304,7243,1,1.0084219246168715,1.0084219246168715,False,200797.48,573.182,573.589,1.101,Hash Join,89d563cb3e62e17f2aa51818425825de6b63abe8601848a20a40180111764942,plans/baseline/T12_r3.json
baseline,T08,两表：供应商与国家维表,simple_join,tpch,3,False,400,396,1,1.0101010101010102,1.0101010101010102,False,351.02,1.254,1.283,0.373,Hash Join,52962cbe9a7be91c6c7557192b800a3f259943384c8a3557ffc5199c2636da4c,plans/baseline/T08_r3.json
baseline,T07,两表：订单日期与明细折扣,simple_join,tpch,3,False,64271,61850,1,1.0391430881164108,1.0391430881164108,False,254903.53,730.12,731.793,0.462,Hash Join,2528d45d95fb43dc28da64e0020107ce842260ebdd2e280cd5173c45653bb544,plans/baseline/T07_r3.json
baseline,T04,单表：品牌与尺寸双条件,single,tpch,3,False,1552,1620,1,1.0438144329896908,1.0438144329896908,False,7364.0,16.518,16.573,0.155,Seq Scan,1c135795402a5fd8e1ec4586f319ddff7a27c5bae900beaa7942e46a2c56ad91,plans/baseline/T04_r3.json
baseline,T06,两表：客户类别向订单传播,simple_join,tpch,3,False,300950,303959,1,1.0099983385944509,1.0099983385944509,False,51572.8,179.252,185.074,0.39,Hash Join,7bcd048123e56fb85a8a0c00dddaeb29bf41b62c4b3649eed5d38ff89160c955,plans/baseline/T06_r3.json
baseline,S17,负对照：不存在的城市邮编组合,correlated,synthetic,3,False,30,0,1,,30.0,True,6122.0,12.496,12.512,0.156,Seq Scan,6099961f84d2c3168232003f523a2c065a276ae49b2a566541a37cf066e8ad50,plans/baseline/S17_r3.json
baseline,S16,强相关：城市与邮编匹配组合,correlated,synthetic,3,False,30,3000,1,100.0,100.0,False,6122.0,10.323,10.407,0.143,Seq Scan,9f7be606fc860a961b91601e61468d42cb86b3dfb9c8e96b278a084cccde18aa,plans/baseline/S16_r3.json
baseline,T11,五表：地域到订单明细的链式连接,multi_join,tpch,3,False,182589,184082,1,1.0081768343109387,1.0081768343109387,False,110921.9,393.023,397.346,0.701,Nested Loop,7d82fa94e55bcef2dd8961508135c5e7fbe52a7a27f9d0c04c7ee2f4aa76ca0a,plans/baseline/T11_r3.json
baseline,S15,独立数据：城市与邮编联合过滤,independent,synthetic,3,False,30,30,1,1.0,1.0,False,6122.0,12.886,12.904,0.211,Seq Scan,87c37d8c1882a2971bd5ecede9f8d5ef06f865e19af0a1251e07e643e2ccec01,plans/baseline/S15_r3.json
baseline,T01,单表：订单状态常见值,single,tpch,3,False,731600,729413,1,1.0029983013738444,1.0029983013738444,False,45462.0,87.489,101.956,0.177,Seq Scan,d79ae4459e6323bc574136183557ab07d5adf00852aed976110c37c7fd1d0e6c,plans/baseline/T01_r3.json
baseline,S14,相关数据：单列城市过滤,correlated,synthetic,3,False,3000,3000,1,1.0,1.0,False,5372.0,11.555,11.629,0.147,Seq Scan,44a2a7ad0841cbcb55e0bb81ad48ff6c30548ee94b52534eb526752a282a924d,plans/baseline/S14_r3.json
baseline,S20,跨表相关：客户城市与订单邮编,cross_table,synthetic,3,False,30,3000,1,100.0,100.0,False,5551.12,13.136,13.219,0.471,Hash Join,87c1b3b0108588bfe933b9975c873071cb4a57866066f833a2e552713e6a8c46,plans/baseline/S20_r3.json
baseline,T02,单表：订单日期窄范围,single,tpch,3,False,20654,19472,1,1.0607025472473295,1.0607025472473295,False,49212.0,72.802,73.303,0.178,Seq Scan,933c7373393e689ed2a58d88f657fd09fefb358b00c9897b9f0e71cb857c3ab3,plans/baseline/T02_r3.json
baseline,T05,单表：客户市场类别,single,tpch,3,False,30095,30142,1,1.001561721216149,1.001561721216149,False,5547.0,14.824,15.392,0.146,Seq Scan,1d8199e43eef8f9aa065c5e1db274e89ae63c66116d8b97820cbda6b9475cac6,plans/baseline/T05_r3.json
baseline,S13,独立数据：单列城市过滤,independent,synthetic,3,False,3000,3000,1,1.0,1.0,False,5372.0,11.582,11.661,0.168,Seq Scan,721cac833c89ea12b469f3f6aa4010a075c810438799dad34b0c8c05f760a7e5,plans/baseline/S13_r3.json
baseline,T10,四表：零件供应商与国家,multi_join,tpch,3,False,105,118,1,1.1238095238095238,1.1238095238095238,False,9984.28,25.98,26.022,0.623,Hash Join,83571f84ccd822fce7367eb74bf0558b0d56b44da2df57b41003cbdcfe7f2f2e,plans/baseline/T10_r3.json
baseline,S18,倾斜相关：热门城市与邮编,skew,synthetic,3,False,75000,150000,1,2.0,2.0,False,6122.0,16.26,19.043,0.158,Seq Scan,4f1108a83af10d8fc5ea5ebfaaed7be497138647c43448a281861edd6d1b01ce,plans/baseline/S18_r3.json
baseline,T09,三表：客户订单明细及日期条件,multi_join,tpch,3,False,316503,30519,1,10.370687112946033,10.370687112946033,False,256097.78,696.12,697.031,0.548,Hash Join,fe178bfa1342452c478df8b42eadd4fadb4ffa290987766bd50610a59cc49056,plans/baseline/T09_r3.json
reanalyze_control,S13,独立数据：单列城市过滤,independent,synthetic,0,True,3000,3000,1,1.0,1.0,False,5372.0,9.108,9.188,0.151,Seq Scan,721cac833c89ea12b469f3f6aa4010a075c810438799dad34b0c8c05f760a7e5,plans/reanalyze_control/S13_r0.json
reanalyze_control,S16,强相关：城市与邮编匹配组合,correlated,synthetic,0,True,30,3000,1,100.0,100.0,False,6122.0,11.674,11.753,0.161,Seq Scan,9f7be606fc860a961b91601e61468d42cb86b3dfb9c8e96b278a084cccde18aa,plans/reanalyze_control/S16_r0.json
reanalyze_control,S19,倾斜相关：稀有城市与邮编,skew,synthetic,0,True,8,1515,1,189.375,189.375,False,6122.0,11.306,11.367,0.146,Seq Scan,e16ea3c969f55cb575ecb358a9aaba21ea753a2d43328dc7325bace94bdf0fcd,plans/reanalyze_control/S19_r0.json
reanalyze_control,S20,跨表相关：客户城市与订单邮编,cross_table,synthetic,0,True,30,3000,1,100.0,100.0,False,5551.12,11.184,11.282,0.408,Hash Join,87c1b3b0108588bfe933b9975c873071cb4a57866066f833a2e552713e6a8c46,plans/reanalyze_control/S20_r0.json
reanalyze_control,S17,负对照：不存在的城市邮编组合,correlated,synthetic,0,True,30,0,1,,30.0,True,6122.0,9.915,9.93,0.166,Seq Scan,6099961f84d2c3168232003f523a2c065a276ae49b2a566541a37cf066e8ad50,plans/reanalyze_control/S17_r0.json
reanalyze_control,S14,相关数据：单列城市过滤,correlated,synthetic,0,True,3000,3000,1,1.0,1.0,False,5372.0,8.961,9.039,0.197,Seq Scan,44a2a7ad0841cbcb55e0bb81ad48ff6c30548ee94b52534eb526752a282a924d,plans/reanalyze_control/S14_r0.json
reanalyze_control,S18,倾斜相关：热门城市与邮编,skew,synthetic,0,True,75000,150000,1,2.0,2.0,False,6122.0,14.187,17.155,0.167,Seq Scan,4f1108a83af10d8fc5ea5ebfaaed7be497138647c43448a281861edd6d1b01ce,plans/reanalyze_control/S18_r0.json
reanalyze_control,S15,独立数据：城市与邮编联合过滤,independent,synthetic,0,True,30,30,1,1.0,1.0,False,6122.0,9.404,9.421,0.159,Seq Scan,87c37d8c1882a2971bd5ecede9f8d5ef06f865e19af0a1251e07e643e2ccec01,plans/reanalyze_control/S15_r0.json
reanalyze_control,S18,倾斜相关：热门城市与邮编,skew,synthetic,1,False,75000,150000,1,2.0,2.0,False,6122.0,13.587,16.323,0.153,Seq Scan,4f1108a83af10d8fc5ea5ebfaaed7be497138647c43448a281861edd6d1b01ce,plans/reanalyze_control/S18_r1.json
reanalyze_control,S19,倾斜相关：稀有城市与邮编,skew,synthetic,1,False,8,1515,1,189.375,189.375,False,6122.0,9.916,9.965,0.166,Seq Scan,e16ea3c969f55cb575ecb358a9aaba21ea753a2d43328dc7325bace94bdf0fcd,plans/reanalyze_control/S19_r1.json
reanalyze_control,S16,强相关：城市与邮编匹配组合,correlated,synthetic,1,False,30,3000,1,100.0,100.0,False,6122.0,9.733,9.813,0.169,Seq Scan,9f7be606fc860a961b91601e61468d42cb86b3dfb9c8e96b278a084cccde18aa,plans/reanalyze_control/S16_r1.json
reanalyze_control,S14,相关数据：单列城市过滤,correlated,synthetic,1,False,3000,3000,1,1.0,1.0,False,5372.0,9.626,9.709,0.157,Seq Scan,44a2a7ad0841cbcb55e0bb81ad48ff6c30548ee94b52534eb526752a282a924d,plans/reanalyze_control/S14_r1.json
reanalyze_control,S15,独立数据：城市与邮编联合过滤,independent,synthetic,1,False,30,30,1,1.0,1.0,False,6122.0,10.237,10.254,0.168,Seq Scan,87c37d8c1882a2971bd5ecede9f8d5ef06f865e19af0a1251e07e643e2ccec01,plans/reanalyze_control/S15_r1.json
reanalyze_control,S20,跨表相关：客户城市与订单邮编,cross_table,synthetic,1,False,30,3000,1,100.0,100.0,False,5551.12,13.085,13.192,0.422,Hash Join,87c1b3b0108588bfe933b9975c873071cb4a57866066f833a2e552713e6a8c46,plans/reanalyze_control/S20_r1.json
reanalyze_control,S17,负对照：不存在的城市邮编组合,correlated,synthetic,1,False,30,0,1,,30.0,True,6122.0,9.807,9.822,0.159,Seq Scan,6099961f84d2c3168232003f523a2c065a276ae49b2a566541a37cf066e8ad50,plans/reanalyze_control/S17_r1.json
reanalyze_control,S13,独立数据：单列城市过滤,independent,synthetic,1,False,3000,3000,1,1.0,1.0,False,5372.0,9.414,9.498,0.158,Seq Scan,721cac833c89ea12b469f3f6aa4010a075c810438799dad34b0c8c05f760a7e5,plans/reanalyze_control/S13_r1.json
reanalyze_control,S14,相关数据：单列城市过滤,correlated,synthetic,2,False,3000,3000,1,1.0,1.0,False,5372.0,8.783,8.86,0.206,Seq Scan,44a2a7ad0841cbcb55e0bb81ad48ff6c30548ee94b52534eb526752a282a924d,plans/reanalyze_control/S14_r2.json
reanalyze_control,S19,倾斜相关：稀有城市与邮编,skew,synthetic,2,False,8,1515,1,189.375,189.375,False,6122.0,9.349,9.399,0.151,Seq Scan,e16ea3c969f55cb575ecb358a9aaba21ea753a2d43328dc7325bace94bdf0fcd,plans/reanalyze_control/S19_r2.json
reanalyze_control,S17,负对照：不存在的城市邮编组合,correlated,synthetic,2,False,30,0,1,,30.0,True,6122.0,10.083,10.099,0.166,Seq Scan,6099961f84d2c3168232003f523a2c065a276ae49b2a566541a37cf066e8ad50,plans/reanalyze_control/S17_r2.json
reanalyze_control,S18,倾斜相关：热门城市与邮编,skew,synthetic,2,False,75000,150000,1,2.0,2.0,False,6122.0,16.768,20.196,0.174,Seq Scan,4f1108a83af10d8fc5ea5ebfaaed7be497138647c43448a281861edd6d1b01ce,plans/reanalyze_control/S18_r2.json
reanalyze_control,S16,强相关：城市与邮编匹配组合,correlated,synthetic,2,False,30,3000,1,100.0,100.0,False,6122.0,9.554,9.634,0.18,Seq Scan,9f7be606fc860a961b91601e61468d42cb86b3dfb9c8e96b278a084cccde18aa,plans/reanalyze_control/S16_r2.json
reanalyze_control,S20,跨表相关：客户城市与订单邮编,cross_table,synthetic,2,False,30,3000,1,100.0,100.0,False,5551.12,10.88,10.969,0.411,Hash Join,87c1b3b0108588bfe933b9975c873071cb4a57866066f833a2e552713e6a8c46,plans/reanalyze_control/S20_r2.json
reanalyze_control,S13,独立数据：单列城市过滤,independent,synthetic,2,False,3000,3000,1,1.0,1.0,False,5372.0,10.491,10.586,0.185,Seq Scan,721cac833c89ea12b469f3f6aa4010a075c810438799dad34b0c8c05f760a7e5,plans/reanalyze_control/S13_r2.json
reanalyze_control,S15,独立数据：城市与邮编联合过滤,independent,synthetic,2,False,30,30,1,1.0,1.0,False,6122.0,10.617,10.636,0.156,Seq Scan,87c37d8c1882a2971bd5ecede9f8d5ef06f865e19af0a1251e07e643e2ccec01,plans/reanalyze_control/S15_r2.json
reanalyze_control,S19,倾斜相关：稀有城市与邮编,skew,synthetic,3,False,8,1515,1,189.375,189.375,False,6122.0,9.319,9.365,0.15,Seq Scan,e16ea3c969f55cb575ecb358a9aaba21ea753a2d43328dc7325bace94bdf0fcd,plans/reanalyze_control/S19_r3.json
reanalyze_control,S18,倾斜相关：热门城市与邮编,skew,synthetic,3,False,75000,150000,1,2.0,2.0,False,6122.0,13.403,16.127,0.142,Seq Scan,4f1108a83af10d8fc5ea5ebfaaed7be497138647c43448a281861edd6d1b01ce,plans/reanalyze_control/S18_r3.json
reanalyze_control,S13,独立数据：单列城市过滤,independent,synthetic,3,False,3000,3000,1,1.0,1.0,False,5372.0,9.295,9.383,0.164,Seq Scan,721cac833c89ea12b469f3f6aa4010a075c810438799dad34b0c8c05f760a7e5,plans/reanalyze_control/S13_r3.json
reanalyze_control,S14,相关数据：单列城市过滤,correlated,synthetic,3,False,3000,3000,1,1.0,1.0,False,5372.0,9.161,9.243,0.159,Seq Scan,44a2a7ad0841cbcb55e0bb81ad48ff6c30548ee94b52534eb526752a282a924d,plans/reanalyze_control/S14_r3.json
reanalyze_control,S16,强相关：城市与邮编匹配组合,correlated,synthetic,3,False,30,3000,1,100.0,100.0,False,6122.0,14.95,15.067,0.158,Seq Scan,9f7be606fc860a961b91601e61468d42cb86b3dfb9c8e96b278a084cccde18aa,plans/reanalyze_control/S16_r3.json
reanalyze_control,S15,独立数据：城市与邮编联合过滤,independent,synthetic,3,False,30,30,1,1.0,1.0,False,6122.0,9.36,9.376,0.217,Seq Scan,87c37d8c1882a2971bd5ecede9f8d5ef06f865e19af0a1251e07e643e2ccec01,plans/reanalyze_control/S15_r3.json
reanalyze_control,S20,跨表相关：客户城市与订单邮编,cross_table,synthetic,3,False,30,3000,1,100.0,100.0,False,5551.12,11.569,11.666,0.462,Hash Join,87c1b3b0108588bfe933b9975c873071cb4a57866066f833a2e552713e6a8c46,plans/reanalyze_control/S20_r3.json
reanalyze_control,S17,负对照：不存在的城市邮编组合,correlated,synthetic,3,False,30,0,1,,30.0,True,6122.0,9.844,9.86,0.166,Seq Scan,6099961f84d2c3168232003f523a2c065a276ae49b2a566541a37cf066e8ad50,plans/reanalyze_control/S17_r3.json
extended,S13,独立数据：单列城市过滤,independent,synthetic,0,True,3000,3000,1,1.0,1.0,False,5372.0,9.785,9.873,0.23,Seq Scan,721cac833c89ea12b469f3f6aa4010a075c810438799dad34b0c8c05f760a7e5,plans/extended/S13_r0.json
extended,S16,强相关：城市与邮编匹配组合,correlated,synthetic,0,True,3000,3000,1,1.0,1.0,False,6122.0,12.336,12.438,0.229,Seq Scan,9f7be606fc860a961b91601e61468d42cb86b3dfb9c8e96b278a084cccde18aa,plans/extended/S16_r0.json
extended,S19,倾斜相关：稀有城市与邮编,skew,synthetic,0,True,1515,1515,1,1.0,1.0,False,6122.0,9.465,9.516,0.238,Seq Scan,e16ea3c969f55cb575ecb358a9aaba21ea753a2d43328dc7325bace94bdf0fcd,plans/extended/S19_r0.json
extended,S20,跨表相关：客户城市与订单邮编,cross_table,synthetic,0,True,30,3000,1,100.0,100.0,False,5551.12,13.706,13.813,0.474,Hash Join,87c1b3b0108588bfe933b9975c873071cb4a57866066f833a2e552713e6a8c46,plans/extended/S20_r0.json
extended,S17,负对照：不存在的城市邮编组合,correlated,synthetic,0,True,1,0,1,,1.0,True,6122.0,10.279,10.3,0.201,Seq Scan,6099961f84d2c3168232003f523a2c065a276ae49b2a566541a37cf066e8ad50,plans/extended/S17_r0.json
extended,S14,相关数据：单列城市过滤,correlated,synthetic,0,True,3000,3000,1,1.0,1.0,False,5372.0,9.575,9.669,0.189,Seq Scan,44a2a7ad0841cbcb55e0bb81ad48ff6c30548ee94b52534eb526752a282a924d,plans/extended/S14_r0.json
extended,S18,倾斜相关：热门城市与邮编,skew,synthetic,0,True,150000,150000,1,1.0,1.0,False,6122.0,14.229,17.223,0.252,Seq Scan,4f1108a83af10d8fc5ea5ebfaaed7be497138647c43448a281861edd6d1b01ce,plans/extended/S18_r0.json
extended,S15,独立数据：城市与邮编联合过滤,independent,synthetic,0,True,30,30,1,1.0,1.0,False,6122.0,10.362,10.384,0.274,Seq Scan,87c37d8c1882a2971bd5ecede9f8d5ef06f865e19af0a1251e07e643e2ccec01,plans/extended/S15_r0.json
extended,S18,倾斜相关：热门城市与邮编,skew,synthetic,1,False,150000,150000,1,1.0,1.0,False,6122.0,14.028,16.99,0.198,Seq Scan,4f1108a83af10d8fc5ea5ebfaaed7be497138647c43448a281861edd6d1b01ce,plans/extended/S18_r1.json
extended,S19,倾斜相关：稀有城市与邮编,skew,synthetic,1,False,1515,1515,1,1.0,1.0,False,6122.0,12.412,12.487,0.192,Seq Scan,e16ea3c969f55cb575ecb358a9aaba21ea753a2d43328dc7325bace94bdf0fcd,plans/extended/S19_r1.json
extended,S16,强相关：城市与邮编匹配组合,correlated,synthetic,1,False,3000,3000,1,1.0,1.0,False,6122.0,9.528,9.61,0.227,Seq Scan,9f7be606fc860a961b91601e61468d42cb86b3dfb9c8e96b278a084cccde18aa,plans/extended/S16_r1.json
extended,S14,相关数据：单列城市过滤,correlated,synthetic,1,False,3000,3000,1,1.0,1.0,False,5372.0,10.788,10.896,0.202,Seq Scan,44a2a7ad0841cbcb55e0bb81ad48ff6c30548ee94b52534eb526752a282a924d,plans/extended/S14_r1.json
extended,S15,独立数据：城市与邮编联合过滤,independent,synthetic,1,False,30,30,1,1.0,1.0,False,6122.0,12.224,12.246,0.286,Seq Scan,87c37d8c1882a2971bd5ecede9f8d5ef06f865e19af0a1251e07e643e2ccec01,plans/extended/S15_r1.json
extended,S20,跨表相关：客户城市与订单邮编,cross_table,synthetic,1,False,30,3000,1,100.0,100.0,False,5551.12,13.573,13.683,0.511,Hash Join,87c1b3b0108588bfe933b9975c873071cb4a57866066f833a2e552713e6a8c46,plans/extended/S20_r1.json
extended,S17,负对照：不存在的城市邮编组合,correlated,synthetic,1,False,1,0,1,,1.0,True,6122.0,12.591,12.613,0.278,Seq Scan,6099961f84d2c3168232003f523a2c065a276ae49b2a566541a37cf066e8ad50,plans/extended/S17_r1.json
extended,S13,独立数据：单列城市过滤,independent,synthetic,1,False,3000,3000,1,1.0,1.0,False,5372.0,10.712,10.811,0.279,Seq Scan,721cac833c89ea12b469f3f6aa4010a075c810438799dad34b0c8c05f760a7e5,plans/extended/S13_r1.json
extended,S14,相关数据：单列城市过滤,correlated,synthetic,2,False,3000,3000,1,1.0,1.0,False,5372.0,9.208,9.297,0.192,Seq Scan,44a2a7ad0841cbcb55e0bb81ad48ff6c30548ee94b52534eb526752a282a924d,plans/extended/S14_r2.json
extended,S19,倾斜相关：稀有城市与邮编,skew,synthetic,2,False,1515,1515,1,1.0,1.0,False,6122.0,9.366,9.416,0.207,Seq Scan,e16ea3c969f55cb575ecb358a9aaba21ea753a2d43328dc7325bace94bdf0fcd,plans/extended/S19_r2.json
extended,S17,负对照：不存在的城市邮编组合,correlated,synthetic,2,False,1,0,1,,1.0,True,6122.0,10.562,10.587,0.204,Seq Scan,6099961f84d2c3168232003f523a2c065a276ae49b2a566541a37cf066e8ad50,plans/extended/S17_r2.json
extended,S18,倾斜相关：热门城市与邮编,skew,synthetic,2,False,150000,150000,1,1.0,1.0,False,6122.0,15.369,18.588,0.206,Seq Scan,4f1108a83af10d8fc5ea5ebfaaed7be497138647c43448a281861edd6d1b01ce,plans/extended/S18_r2.json
extended,S16,强相关：城市与邮编匹配组合,correlated,synthetic,2,False,3000,3000,1,1.0,1.0,False,6122.0,9.709,9.792,0.199,Seq Scan,9f7be606fc860a961b91601e61468d42cb86b3dfb9c8e96b278a084cccde18aa,plans/extended/S16_r2.json
extended,S20,跨表相关：客户城市与订单邮编,cross_table,synthetic,2,False,30,3000,1,100.0,100.0,False,5551.12,11.366,11.456,0.503,Hash Join,87c1b3b0108588bfe933b9975c873071cb4a57866066f833a2e552713e6a8c46,plans/extended/S20_r2.json
extended,S13,独立数据：单列城市过滤,independent,synthetic,2,False,3000,3000,1,1.0,1.0,False,5372.0,8.928,9.007,0.242,Seq Scan,721cac833c89ea12b469f3f6aa4010a075c810438799dad34b0c8c05f760a7e5,plans/extended/S13_r2.json
extended,S15,独立数据：城市与邮编联合过滤,independent,synthetic,2,False,30,30,1,1.0,1.0,False,6122.0,11.878,11.898,0.265,Seq Scan,87c37d8c1882a2971bd5ecede9f8d5ef06f865e19af0a1251e07e643e2ccec01,plans/extended/S15_r2.json
extended,S19,倾斜相关：稀有城市与邮编,skew,synthetic,3,False,1515,1515,1,1.0,1.0,False,6122.0,9.509,9.559,0.193,Seq Scan,e16ea3c969f55cb575ecb358a9aaba21ea753a2d43328dc7325bace94bdf0fcd,plans/extended/S19_r3.json
extended,S18,倾斜相关：热门城市与邮编,skew,synthetic,3,False,150000,150000,1,1.0,1.0,False,6122.0,14.786,17.716,0.202,Seq Scan,4f1108a83af10d8fc5ea5ebfaaed7be497138647c43448a281861edd6d1b01ce,plans/extended/S18_r3.json
extended,S13,独立数据：单列城市过滤,independent,synthetic,3,False,3000,3000,1,1.0,1.0,False,5372.0,8.901,8.983,0.214,Seq Scan,721cac833c89ea12b469f3f6aa4010a075c810438799dad34b0c8c05f760a7e5,plans/extended/S13_r3.json
extended,S14,相关数据：单列城市过滤,correlated,synthetic,3,False,3000,3000,1,1.0,1.0,False,5372.0,9.334,9.42,0.175,Seq Scan,44a2a7ad0841cbcb55e0bb81ad48ff6c30548ee94b52534eb526752a282a924d,plans/extended/S14_r3.json
extended,S16,强相关：城市与邮编匹配组合,correlated,synthetic,3,False,3000,3000,1,1.0,1.0,False,6122.0,9.761,9.843,0.205,Seq Scan,9f7be606fc860a961b91601e61468d42cb86b3dfb9c8e96b278a084cccde18aa,plans/extended/S16_r3.json
extended,S15,独立数据：城市与邮编联合过滤,independent,synthetic,3,False,30,30,1,1.0,1.0,False,6122.0,9.668,9.687,0.275,Seq Scan,87c37d8c1882a2971bd5ecede9f8d5ef06f865e19af0a1251e07e643e2ccec01,plans/extended/S15_r3.json
extended,S20,跨表相关：客户城市与订单邮编,cross_table,synthetic,3,False,30,3000,1,100.0,100.0,False,5551.12,11.174,11.26,0.492,Hash Join,87c1b3b0108588bfe933b9975c873071cb4a57866066f833a2e552713e6a8c46,plans/extended/S20_r3.json
extended,S17,负对照：不存在的城市邮编组合,correlated,synthetic,3,False,1,0,1,,1.0,True,6122.0,17.311,17.332,0.23,Seq Scan,6099961f84d2c3168232003f523a2c065a276ae49b2a566541a37cf066e8ad50,plans/extended/S17_r3.json
